Provincias;Periodo;Total
Total;2020;87.481
Total;2019;161.389
Total;2018;162.743
Total;2017;168.989
Total;2016;171.023
Total;2015;165.172
Total;2014;159.279
Total;2013;153.375
Total;2012;165.101
Total;2011;159.798
Total;2010;167.247
Total;2009;174.062
Total;2008;194.022
Total;2007;201.579
Total;2006;203.453
Total;2005;208.146
Total;2004;216.149
Total;2003;212.300
Total;2002;211.522
Total;2001;208.057
Total;2000;216.451
Total;1999;208.129
Total;1998;207.041
Total;1997;196.499
Total;1996;194.084
Total;1995;200.688
Total;1994;199.731
Total;1993;201.463
Total;1992;217.512
Total;1991;218.121
Total;1990;220.533
Total;1989;221.470
Total;1988;219.027
Total;1987;215.771
Total;1986;207.929
Total;1985;199.658
Total;1984;197.542
Total;1983;196.155
Total;1982;193.319
Total;1981;202.037
Total;1980;220.674
Total;1979;246.349
Total;1978;258.070
Total;1977;262.015
Total;1976;260.974
Total;1975;271.347
02 Albacete;2020;552
02 Albacete;2019;1.203
02 Albacete;2018;1.267
02 Albacete;2017;1.367
02 Albacete;2016;1.417
02 Albacete;2015;1.344
02 Albacete;2014;1.300
02 Albacete;2013;1.191
02 Albacete;2012;1.345
02 Albacete;2011;1.309
02 Albacete;2010;1.346
02 Albacete;2009;1.399
02 Albacete;2008;1.483
02 Albacete;2007;1.628
02 Albacete;2006;1.661
02 Albacete;2005;1.720
02 Albacete;2004;1.759
02 Albacete;2003;1.783
02 Albacete;2002;1.738
02 Albacete;2001;1.769
02 Albacete;2000;1.864
02 Albacete;1999;1.872
02 Albacete;1998;1.802
02 Albacete;1997;1.784
02 Albacete;1996;1.706
02 Albacete;1995;1.844
02 Albacete;1994;1.949
02 Albacete;1993;1.963
02 Albacete;1992;1.963
02 Albacete;1991;1.915
02 Albacete;1990;1.876
02 Albacete;1989;2.190
02 Albacete;1988;2.128
02 Albacete;1987;2.089
02 Albacete;1986;2.122
02 Albacete;1985;2.066
02 Albacete;1984;2.088
02 Albacete;1983;2.194
02 Albacete;1982;1.894
02 Albacete;1981;1.946
02 Albacete;1980;2.090
02 Albacete;1979;1.998
02 Albacete;1978;1.991
02 Albacete;1977;1.935
02 Albacete;1976;1.906
02 Albacete;1975;1.943
03 Alicante/Alacant;2020;3.828
03 Alicante/Alacant;2019;6.013
03 Alicante/Alacant;2018;6.273
03 Alicante/Alacant;2017;6.590
03 Alicante/Alacant;2016;6.576
03 Alicante/Alacant;2015;5.977
03 Alicante/Alacant;2014;5.754
03 Alicante/Alacant;2013;5.318
03 Alicante/Alacant;2012;5.538
03 Alicante/Alacant;2011;5.344
03 Alicante/Alacant;2010;5.466
03 Alicante/Alacant;2009;5.877
03 Alicante/Alacant;2008;6.921
03 Alicante/Alacant;2007;7.350
03 Alicante/Alacant;2006;7.606
03 Alicante/Alacant;2005;7.935
03 Alicante/Alacant;2004;8.537
03 Alicante/Alacant;2003;8.113
03 Alicante/Alacant;2002;8.027
03 Alicante/Alacant;2001;7.798
03 Alicante/Alacant;2000;7.998
03 Alicante/Alacant;1999;7.526
03 Alicante/Alacant;1998;7.493
03 Alicante/Alacant;1997;7.247
03 Alicante/Alacant;1996;6.819
03 Alicante/Alacant;1995;7.357
03 Alicante/Alacant;1994;6.891
03 Alicante/Alacant;1993;6.768
03 Alicante/Alacant;1992;7.497
03 Alicante/Alacant;1991;7.239
03 Alicante/Alacant;1990;7.728
03 Alicante/Alacant;1989;6.681
03 Alicante/Alacant;1988;6.723
03 Alicante/Alacant;1987;6.317
03 Alicante/Alacant;1986;5.775
03 Alicante/Alacant;1985;4.759
03 Alicante/Alacant;1984;4.186
03 Alicante/Alacant;1983;4.200
03 Alicante/Alacant;1982;3.866
03 Alicante/Alacant;1981;7.160
03 Alicante/Alacant;1980;7.495
03 Alicante/Alacant;1979;8.234
03 Alicante/Alacant;1978;8.356
03 Alicante/Alacant;1977;8.272
03 Alicante/Alacant;1976;7.947
03 Alicante/Alacant;1975;8.464
04 Almería;2020;1.143
04 Almería;2019;2.091
04 Almería;2018;2.139
04 Almería;2017;2.136
04 Almería;2016;2.216
04 Almería;2015;2.082
04 Almería;2014;1.977
04 Almería;2013;1.954
04 Almería;2012;2.293
04 Almería;2011;2.048
04 Almería;2010;2.128
04 Almería;2009;2.379
04 Almería;2008;2.759
04 Almería;2007;2.836
04 Almería;2006;3.015
04 Almería;2005;2.973
04 Almería;2004;3.006
04 Almería;2003;2.925
04 Almería;2002;2.842
04 Almería;2001;2.758
04 Almería;2000;2.814
04 Almería;1999;2.744
04 Almería;1998;2.683
04 Almería;1997;2.585
04 Almería;1996;2.583
04 Almería;1995;2.614
04 Almería;1994;2.647
04 Almería;1993;2.518
04 Almería;1992;2.662
04 Almería;1991;2.727
04 Almería;1990;2.817
04 Almería;1989;2.875
04 Almería;1988;2.912
04 Almería;1987;2.989
04 Almería;1986;2.780
04 Almería;1985;2.636
04 Almería;1984;2.595
04 Almería;1983;2.776
04 Almería;1982;2.555
04 Almería;1981;2.617
04 Almería;1980;2.742
04 Almería;1979;2.939
04 Almería;1978;2.961
04 Almería;1977;2.824
04 Almería;1976;2.855
04 Almería;1975;2.835
01 Araba/Álava;2020;516
01 Araba/Álava;2019;1.004
01 Araba/Álava;2018;1.092
01 Araba/Álava;2017;1.067
01 Araba/Álava;2016;1.111
01 Araba/Álava;2015;1.187
01 Araba/Álava;2014;1.191
01 Araba/Álava;2013;1.080
01 Araba/Álava;2012;1.186
01 Araba/Álava;2011;1.140
01 Araba/Álava;2010;1.258
01 Araba/Álava;2009;1.205
01 Araba/Álava;2008;1.240
01 Araba/Álava;2007;1.216
01 Araba/Álava;2006;1.263
01 Araba/Álava;2005;1.277
01 Araba/Álava;2004;1.377
01 Araba/Álava;2003;1.449
01 Araba/Álava;2002;1.405
01 Araba/Álava;2001;1.289
01 Araba/Álava;2000;1.470
01 Araba/Álava;1999;1.351
01 Araba/Álava;1998;1.413
01 Araba/Álava;1997;1.383
01 Araba/Álava;1996;1.330
01 Araba/Álava;1995;1.365
01 Araba/Álava;1994;1.363
01 Araba/Álava;1993;1.311
01 Araba/Álava;1992;1.342
01 Araba/Álava;1991;1.312
01 Araba/Álava;1990;1.335
01 Araba/Álava;1989;1.347
01 Araba/Álava;1988;1.374
01 Araba/Álava;1987;1.326
01 Araba/Álava;1986;1.327
01 Araba/Álava;1985;1.305
01 Araba/Álava;1984;1.406
01 Araba/Álava;1983;1.388
01 Araba/Álava;1982;1.544
01 Araba/Álava;1981;1.557
01 Araba/Álava;1980;1.762
01 Araba/Álava;1979;1.908
01 Araba/Álava;1978;2.076
01 Araba/Álava;1977;2.112
01 Araba/Álava;1976;1.745
01 Araba/Álava;1975;2.061
33 Asturias;2020;1.807
33 Asturias;2019;3.255
33 Asturias;2018;3.425
33 Asturias;2017;3.569
33 Asturias;2016;3.679
33 Asturias;2015;3.483
33 Asturias;2014;3.498
33 Asturias;2013;3.327
33 Asturias;2012;3.968
33 Asturias;2011;3.884
33 Asturias;2010;4.233
33 Asturias;2009;4.485
33 Asturias;2008;4.775
33 Asturias;2007;4.857
33 Asturias;2006;4.810
33 Asturias;2005;4.905
33 Asturias;2004;4.958
33 Asturias;2003;4.999
33 Asturias;2002;4.895
33 Asturias;2001;4.771
33 Asturias;2000;4.934
33 Asturias;1999;4.735
33 Asturias;1998;4.628
33 Asturias;1997;4.548
33 Asturias;1996;4.401
33 Asturias;1995;4.512
33 Asturias;1994;4.643
33 Asturias;1993;4.747
33 Asturias;1992;5.347
33 Asturias;1991;5.433
33 Asturias;1990;5.454
33 Asturias;1989;5.426
33 Asturias;1988;5.541
33 Asturias;1987;5.693
33 Asturias;1986;5.803
33 Asturias;1985;5.910
33 Asturias;1984;6.067
33 Asturias;1983;5.905
33 Asturias;1982;6.125
33 Asturias;1981;5.890
33 Asturias;1980;6.796
33 Asturias;1979;7.344
33 Asturias;1978;7.705
33 Asturias;1977;7.939
33 Asturias;1976;7.877
33 Asturias;1975;8.262
05 Ávila;2020;234
05 Ávila;2019;437
05 Ávila;2018;436
05 Ávila;2017;435
05 Ávila;2016;460
05 Ávila;2015;434
05 Ávila;2014;425
05 Ávila;2013;433
05 Ávila;2012;465
05 Ávila;2011;466
05 Ávila;2010;500
05 Ávila;2009;531
05 Ávila;2008;596
05 Ávila;2007;579
05 Ávila;2006;594
05 Ávila;2005;588
05 Ávila;2004;603
05 Ávila;2003;621
05 Ávila;2002;629
05 Ávila;2001;604
05 Ávila;2000;635
05 Ávila;1999;608
05 Ávila;1998;633
05 Ávila;1997;611
05 Ávila;1996;599
05 Ávila;1995;700
05 Ávila;1994;736
05 Ávila;1993;681
05 Ávila;1992;797
05 Ávila;1991;766
05 Ávila;1990;774
05 Ávila;1989;802
05 Ávila;1988;826
05 Ávila;1987;817
05 Ávila;1986;822
05 Ávila;1985;689
05 Ávila;1984;847
05 Ávila;1983;768
05 Ávila;1982;769
05 Ávila;1981;761
05 Ávila;1980;879
05 Ávila;1979;892
05 Ávila;1978;806
05 Ávila;1977;801
05 Ávila;1976;871
05 Ávila;1975;934
06 Badajoz;2020;996
06 Badajoz;2019;2.166
06 Badajoz;2018;2.156
06 Badajoz;2017;2.304
06 Badajoz;2016;2.311
06 Badajoz;2015;2.271
06 Badajoz;2014;2.160
06 Badajoz;2013;2.044
06 Badajoz;2012;2.452
06 Badajoz;2011;2.368
06 Badajoz;2010;2.682
06 Badajoz;2009;2.832
06 Badajoz;2008;2.917
06 Badajoz;2007;2.892
06 Badajoz;2006;3.083
06 Badajoz;2005;3.050
06 Badajoz;2004;3.158
06 Badajoz;2003;3.193
06 Badajoz;2002;3.148
06 Badajoz;2001;3.304
06 Badajoz;2000;3.442
06 Badajoz;1999;3.206
06 Badajoz;1998;3.194
06 Badajoz;1997;3.128
06 Badajoz;1996;2.966
06 Badajoz;1995;3.278
06 Badajoz;1994;3.161
06 Badajoz;1993;3.373
06 Badajoz;1992;3.712
06 Badajoz;1991;3.775
06 Badajoz;1990;3.779
06 Badajoz;1989;3.900
06 Badajoz;1988;3.871
06 Badajoz;1987;3.929
06 Badajoz;1986;4.099
06 Badajoz;1985;3.815
06 Badajoz;1984;3.788
06 Badajoz;1983;3.849
06 Badajoz;1982;3.840
06 Badajoz;1981;3.874
06 Badajoz;1980;3.943
06 Badajoz;1979;4.044
06 Badajoz;1978;4.079
06 Badajoz;1977;3.830
06 Badajoz;1976;3.885
06 Badajoz;1975;3.687
07 Balears, Illes;2020;2.847
07 Balears, Illes;2019;4.880
07 Balears, Illes;2018;4.615
07 Balears, Illes;2017;4.570
07 Balears, Illes;2016;4.593
07 Balears, Illes;2015;4.496
07 Balears, Illes;2014;4.104
07 Balears, Illes;2013;3.942
07 Balears, Illes;2012;3.925
07 Balears, Illes;2011;3.950
07 Balears, Illes;2010;3.947
07 Balears, Illes;2009;4.151
07 Balears, Illes;2008;4.138
07 Balears, Illes;2007;4.345
07 Balears, Illes;2006;4.260
07 Balears, Illes;2005;4.267
07 Balears, Illes;2004;4.555
07 Balears, Illes;2003;4.651
07 Balears, Illes;2002;4.581
07 Balears, Illes;2001;4.326
07 Balears, Illes;2000;4.499
07 Balears, Illes;1999;4.503
07 Balears, Illes;1998;4.402
07 Balears, Illes;1997;4.116
07 Balears, Illes;1996;4.143
07 Balears, Illes;1995;4.100
07 Balears, Illes;1994;4.215
07 Balears, Illes;1993;4.090
07 Balears, Illes;1992;4.336
07 Balears, Illes;1991;4.413
07 Balears, Illes;1990;4.606
07 Balears, Illes;1989;4.740
07 Balears, Illes;1988;4.557
07 Balears, Illes;1987;4.304
07 Balears, Illes;1986;4.164
07 Balears, Illes;1985;4.014
07 Balears, Illes;1984;4.082
07 Balears, Illes;1983;4.028
07 Balears, Illes;1982;3.748
07 Balears, Illes;1981;3.484
07 Balears, Illes;1980;3.882
07 Balears, Illes;1979;4.366
07 Balears, Illes;1978;4.329
07 Balears, Illes;1977;4.499
07 Balears, Illes;1976;4.718
07 Balears, Illes;1975;4.959
08 Barcelona;2020;10.954
08 Barcelona;2019;19.122
08 Barcelona;2018;20.014
08 Barcelona;2017;21.223
08 Barcelona;2016;21.230
08 Barcelona;2015;19.812
08 Barcelona;2014;19.181
08 Barcelona;2013;18.795
08 Barcelona;2012;19.757
08 Barcelona;2011;19.066
08 Barcelona;2010;20.162
08 Barcelona;2009;20.303
08 Barcelona;2008;22.430
08 Barcelona;2007;22.382
08 Barcelona;2006;22.831
08 Barcelona;2005;24.133
08 Barcelona;2004;25.101
08 Barcelona;2003;24.352
08 Barcelona;2002;24.931
08 Barcelona;2001;24.759
08 Barcelona;2000;25.982
08 Barcelona;1999;24.978
08 Barcelona;1998;25.743
08 Barcelona;1997;24.194
08 Barcelona;1996;24.334
08 Barcelona;1995;24.903
08 Barcelona;1994;24.420
08 Barcelona;1993;24.710
08 Barcelona;1992;26.050
08 Barcelona;1991;26.766
08 Barcelona;1990;26.054
08 Barcelona;1989;26.130
08 Barcelona;1988;25.484
08 Barcelona;1987;24.552
08 Barcelona;1986;23.547
08 Barcelona;1985;23.470
08 Barcelona;1984;21.588
08 Barcelona;1983;19.355
08 Barcelona;1982;20.317
08 Barcelona;1981;20.196
08 Barcelona;1980;22.533
08 Barcelona;1979;27.219
08 Barcelona;1978;30.602
08 Barcelona;1977;33.446
08 Barcelona;1976;35.229
08 Barcelona;1975;36.251
48 Bizkaia;2020;1.881
48 Bizkaia;2019;3.529
48 Bizkaia;2018;3.561
48 Bizkaia;2017;3.790
48 Bizkaia;2016;3.777
48 Bizkaia;2015;3.608
48 Bizkaia;2014;3.599
48 Bizkaia;2013;3.632
48 Bizkaia;2012;4.094
48 Bizkaia;2011;4.204
48 Bizkaia;2010;4.297
48 Bizkaia;2009;4.307
48 Bizkaia;2008;4.731
48 Bizkaia;2007;4.753
48 Bizkaia;2006;4.740
48 Bizkaia;2005;4.979
48 Bizkaia;2004;5.155
48 Bizkaia;2003;5.163
48 Bizkaia;2002;5.152
48 Bizkaia;2001;5.206
48 Bizkaia;2000;5.576
48 Bizkaia;1999;5.220
48 Bizkaia;1998;5.357
48 Bizkaia;1997;5.033
48 Bizkaia;1996;4.909
48 Bizkaia;1995;4.975
48 Bizkaia;1994;5.042
48 Bizkaia;1993;5.176
48 Bizkaia;1992;5.639
48 Bizkaia;1991;5.441
48 Bizkaia;1990;5.368
48 Bizkaia;1989;5.393
48 Bizkaia;1988;5.367
48 Bizkaia;1987;5.494
48 Bizkaia;1986;5.647
48 Bizkaia;1985;5.365
48 Bizkaia;1984;5.788
48 Bizkaia;1983;5.932
48 Bizkaia;1982;6.535
48 Bizkaia;1981;6.358
48 Bizkaia;1980;7.295
48 Bizkaia;1979;7.825
48 Bizkaia;1978;8.613
48 Bizkaia;1977;9.128
48 Bizkaia;1976;8.914
48 Bizkaia;1975;9.659
09 Burgos;2020;514
09 Burgos;2019;1.051
09 Burgos;2018;1.050
09 Burgos;2017;1.129
09 Burgos;2016;1.082
09 Burgos;2015;1.098
09 Burgos;2014;1.043
09 Burgos;2013;1.047
09 Burgos;2012;1.192
09 Burgos;2011;1.137
09 Burgos;2010;1.287
09 Burgos;2009;1.245
09 Burgos;2008;1.365
09 Burgos;2007;1.447
09 Burgos;2006;1.407
09 Burgos;2005;1.430
09 Burgos;2004;1.596
09 Burgos;2003;1.635
09 Burgos;2002;1.540
09 Burgos;2001;1.388
09 Burgos;2000;1.556
09 Burgos;1999;1.402
09 Burgos;1998;1.497
09 Burgos;1997;1.427
09 Burgos;1996;1.443
09 Burgos;1995;1.535
09 Burgos;1994;1.538
09 Burgos;1993;1.433
09 Burgos;1992;1.669
09 Burgos;1991;1.594
09 Burgos;1990;1.533
09 Burgos;1989;1.652
09 Burgos;1988;1.663
09 Burgos;1987;1.677
09 Burgos;1986;1.711
09 Burgos;1985;1.682
09 Burgos;1984;1.632
09 Burgos;1983;1.737
09 Burgos;1982;1.597
09 Burgos;1981;1.682
09 Burgos;1980;1.805
09 Burgos;1979;1.902
09 Burgos;1978;2.122
09 Burgos;1977;2.078
09 Burgos;1976;2.007
09 Burgos;1975;2.463
10 Cáceres;2020;552
10 Cáceres;2019;1.112
10 Cáceres;2018;1.110
10 Cáceres;2017;1.159
10 Cáceres;2016;1.274
10 Cáceres;2015;1.172
10 Cáceres;2014;1.138
10 Cáceres;2013;1.066
10 Cáceres;2012;1.192
10 Cáceres;2011;1.143
10 Cáceres;2010;1.167
10 Cáceres;2009;1.346
10 Cáceres;2008;1.481
10 Cáceres;2007;1.527
10 Cáceres;2006;1.588
10 Cáceres;2005;1.537
10 Cáceres;2004;1.678
10 Cáceres;2003;1.677
10 Cáceres;2002;1.631
10 Cáceres;2001;1.673
10 Cáceres;2000;1.926
10 Cáceres;1999;1.854
10 Cáceres;1998;1.818
10 Cáceres;1997;1.827
10 Cáceres;1996;1.795
10 Cáceres;1995;1.749
10 Cáceres;1994;1.920
10 Cáceres;1993;1.945
10 Cáceres;1992;2.165
10 Cáceres;1991;2.125
10 Cáceres;1990;2.246
10 Cáceres;1989;2.270
10 Cáceres;1988;2.313
10 Cáceres;1987;2.499
10 Cáceres;1986;2.476
10 Cáceres;1985;2.318
10 Cáceres;1984;2.467
10 Cáceres;1983;2.411
10 Cáceres;1982;2.356
10 Cáceres;1981;2.459
10 Cáceres;1980;2.511
10 Cáceres;1979;2.649
10 Cáceres;1978;2.519
10 Cáceres;1977;2.542
10 Cáceres;1976;2.345
10 Cáceres;1975;2.252
11 Cádiz;2020;2.408
11 Cádiz;2019;4.900
11 Cádiz;2018;4.446
11 Cádiz;2017;4.708
11 Cádiz;2016;4.703
11 Cádiz;2015;4.573
11 Cádiz;2014;4.251
11 Cádiz;2013;3.911
11 Cádiz;2012;4.383
11 Cádiz;2011;4.054
11 Cádiz;2010;4.263
11 Cádiz;2009;4.635
11 Cádiz;2008;5.587
11 Cádiz;2007;5.892
11 Cádiz;2006;6.253
11 Cádiz;2005;6.728
11 Cádiz;2004;6.779
11 Cádiz;2003;6.604
11 Cádiz;2002;6.521
11 Cádiz;2001;6.360
11 Cádiz;2000;6.519
11 Cádiz;1999;6.105
11 Cádiz;1998;5.819
11 Cádiz;1997;5.596
11 Cádiz;1996;5.587
11 Cádiz;1995;5.835
11 Cádiz;1994;5.827
11 Cádiz;1993;5.582
11 Cádiz;1992;6.332
11 Cádiz;1991;6.614
11 Cádiz;1990;6.848
11 Cádiz;1989;6.614
11 Cádiz;1988;6.443
11 Cádiz;1987;6.659
11 Cádiz;1986;6.561
11 Cádiz;1985;6.139
11 Cádiz;1984;6.316
11 Cádiz;1983;6.550
11 Cádiz;1982;6.207
11 Cádiz;1981;6.655
11 Cádiz;1980;6.992
11 Cádiz;1979;7.176
11 Cádiz;1978;7.581
11 Cádiz;1977;7.474
11 Cádiz;1976;7.359
11 Cádiz;1975;7.202
39 Cantabria;2020;1.111
39 Cantabria;2019;1.951
39 Cantabria;2018;2.067
39 Cantabria;2017;2.079
39 Cantabria;2016;2.228
39 Cantabria;2015;2.124
39 Cantabria;2014;2.069
39 Cantabria;2013;1.936
39 Cantabria;2012;2.326
39 Cantabria;2011;2.184
39 Cantabria;2010;2.500
39 Cantabria;2009;2.581
39 Cantabria;2008;2.936
39 Cantabria;2007;2.948
39 Cantabria;2006;2.822
39 Cantabria;2005;2.876
39 Cantabria;2004;2.902
39 Cantabria;2003;2.864
39 Cantabria;2002;2.897
39 Cantabria;2001;2.742
39 Cantabria;2000;2.728
39 Cantabria;1999;2.611
39 Cantabria;1998;2.521
39 Cantabria;1997;2.353
39 Cantabria;1996;2.369
39 Cantabria;1995;2.266
39 Cantabria;1994;2.302
39 Cantabria;1993;2.310
39 Cantabria;1992;2.572
39 Cantabria;1991;2.530
39 Cantabria;1990;2.694
39 Cantabria;1989;2.692
39 Cantabria;1988;2.665
39 Cantabria;1987;2.496
39 Cantabria;1986;2.570
39 Cantabria;1985;2.605
39 Cantabria;1984;2.796
39 Cantabria;1983;2.807
39 Cantabria;1982;2.931
39 Cantabria;1981;2.950
39 Cantabria;1980;3.255
39 Cantabria;1979;3.472
39 Cantabria;1978;3.703
39 Cantabria;1977;3.924
39 Cantabria;1976;3.733
39 Cantabria;1975;3.767
12 Castellón/Castelló;2020;1.123
12 Castellón/Castelló;2019;2.029
12 Castellón/Castelló;2018;1.892
12 Castellón/Castelló;2017;2.022
12 Castellón/Castelló;2016;2.007
12 Castellón/Castelló;2015;1.992
12 Castellón/Castelló;2014;1.922
12 Castellón/Castelló;2013;1.763
12 Castellón/Castelló;2012;1.880
12 Castellón/Castelló;2011;1.805
12 Castellón/Castelló;2010;2.037
12 Castellón/Castelló;2009;2.135
12 Castellón/Castelló;2008;2.484
12 Castellón/Castelló;2007;2.695
12 Castellón/Castelló;2006;2.638
12 Castellón/Castelló;2005;2.708
12 Castellón/Castelló;2004;2.814
12 Castellón/Castelló;2003;2.863
12 Castellón/Castelló;2002;2.784
12 Castellón/Castelló;2001;2.672
12 Castellón/Castelló;2000;2.865
12 Castellón/Castelló;1999;2.614
12 Castellón/Castelló;1998;2.640
12 Castellón/Castelló;1997;2.359
12 Castellón/Castelló;1996;2.514
12 Castellón/Castelló;1995;2.492
12 Castellón/Castelló;1994;2.482
12 Castellón/Castelló;1993;2.347
12 Castellón/Castelló;1992;2.613
12 Castellón/Castelló;1991;2.531
12 Castellón/Castelló;1990;2.481
12 Castellón/Castelló;1989;2.622
12 Castellón/Castelló;1988;2.533
12 Castellón/Castelló;1987;2.512
12 Castellón/Castelló;1986;2.417
12 Castellón/Castelló;1985;2.288
12 Castellón/Castelló;1984;2.466
12 Castellón/Castelló;1983;2.407
12 Castellón/Castelló;1982;2.484
12 Castellón/Castelló;1981;2.421
12 Castellón/Castelló;1980;2.248
12 Castellón/Castelló;1979;2.836
12 Castellón/Castelló;1978;2.990
12 Castellón/Castelló;1977;2.909
12 Castellón/Castelló;1976;2.841
12 Castellón/Castelló;1975;3.105
13 Ciudad Real;2020;654
13 Ciudad Real;2019;1.643
13 Ciudad Real;2018;1.698
13 Ciudad Real;2017;1.659
13 Ciudad Real;2016;1.722
13 Ciudad Real;2015;1.651
13 Ciudad Real;2014;1.557
13 Ciudad Real;2013;1.527
13 Ciudad Real;2012;1.731
13 Ciudad Real;2011;1.633
13 Ciudad Real;2010;1.748
13 Ciudad Real;2009;1.918
13 Ciudad Real;2008;2.228
13 Ciudad Real;2007;2.321
13 Ciudad Real;2006;2.257
13 Ciudad Real;2005;2.330
13 Ciudad Real;2004;2.309
13 Ciudad Real;2003;2.218
13 Ciudad Real;2002;2.192
13 Ciudad Real;2001;2.290
13 Ciudad Real;2000;2.391
13 Ciudad Real;1999;2.262
13 Ciudad Real;1998;2.281
13 Ciudad Real;1997;2.189
13 Ciudad Real;1996;2.294
13 Ciudad Real;1995;2.329
13 Ciudad Real;1994;2.415
13 Ciudad Real;1993;2.650
13 Ciudad Real;1992;2.865
13 Ciudad Real;1991;2.812
13 Ciudad Real;1990;3.014
13 Ciudad Real;1989;3.114
13 Ciudad Real;1988;3.079
13 Ciudad Real;1987;2.946
13 Ciudad Real;1986;2.926
13 Ciudad Real;1985;2.783
13 Ciudad Real;1984;2.789
13 Ciudad Real;1983;2.920
13 Ciudad Real;1982;2.729
13 Ciudad Real;1981;2.925
13 Ciudad Real;1980;2.843
13 Ciudad Real;1979;2.879
13 Ciudad Real;1978;2.784
13 Ciudad Real;1977;2.824
13 Ciudad Real;1976;2.670
13 Ciudad Real;1975;2.694
14 Córdoba;2020;1.193
14 Córdoba;2019;2.750
14 Córdoba;2018;2.769
14 Córdoba;2017;2.841
14 Córdoba;2016;2.952
14 Córdoba;2015;2.701
14 Córdoba;2014;2.550
14 Córdoba;2013;2.336
14 Córdoba;2012;2.708
14 Córdoba;2011;2.760
14 Córdoba;2010;2.911
14 Córdoba;2009;3.290
14 Córdoba;2008;3.893
14 Córdoba;2007;3.971
14 Córdoba;2006;4.042
14 Córdoba;2005;3.979
14 Córdoba;2004;4.057
14 Córdoba;2003;4.160
14 Córdoba;2002;4.082
14 Córdoba;2001;4.226
14 Córdoba;2000;4.362
14 Córdoba;1999;4.203
14 Córdoba;1998;4.134
14 Córdoba;1997;3.836
14 Córdoba;1996;3.867
14 Córdoba;1995;4.133
14 Córdoba;1994;4.219
14 Córdoba;1993;4.165
14 Córdoba;1992;4.722
14 Córdoba;1991;4.778
14 Córdoba;1990;5.044
14 Córdoba;1989;5.093
14 Córdoba;1988;5.041
14 Córdoba;1987;4.984
14 Córdoba;1986;4.875
14 Córdoba;1985;4.563
14 Córdoba;1984;4.597
14 Córdoba;1983;4.741
14 Córdoba;1982;4.560
14 Córdoba;1981;4.281
14 Córdoba;1980;4.667
14 Córdoba;1979;4.781
14 Córdoba;1978;4.852
14 Córdoba;1977;4.563
14 Córdoba;1976;4.769
14 Córdoba;1975;4.731
15 Coruña, A;2020;2.400
15 Coruña, A;2019;4.034
15 Coruña, A;2018;3.879
15 Coruña, A;2017;4.055
15 Coruña, A;2016;4.120
15 Coruña, A;2015;4.120
15 Coruña, A;2014;3.963
15 Coruña, A;2013;3.789
15 Coruña, A;2012;4.292
15 Coruña, A;2011;4.077
15 Coruña, A;2010;4.290
15 Coruña, A;2009;4.397
15 Coruña, A;2008;4.741
15 Coruña, A;2007;4.749
15 Coruña, A;2006;4.776
15 Coruña, A;2005;4.683
15 Coruña, A;2004;4.899
15 Coruña, A;2003;4.745
15 Coruña, A;2002;4.874
15 Coruña, A;2001;4.651
15 Coruña, A;2000;5.039
15 Coruña, A;1999;4.973
15 Coruña, A;1998;4.823
15 Coruña, A;1997;4.888
15 Coruña, A;1996;4.851
15 Coruña, A;1995;4.874
15 Coruña, A;1994;4.851
15 Coruña, A;1993;5.086
15 Coruña, A;1992;5.506
15 Coruña, A;1991;5.403
15 Coruña, A;1990;5.683
15 Coruña, A;1989;5.721
15 Coruña, A;1988;5.805
15 Coruña, A;1987;5.811
15 Coruña, A;1986;5.544
15 Coruña, A;1985;5.624
15 Coruña, A;1984;6.046
15 Coruña, A;1983;5.972
15 Coruña, A;1982;6.133
15 Coruña, A;1981;4.919
15 Coruña, A;1980;5.374
15 Coruña, A;1979;7.603
15 Coruña, A;1978;7.808
15 Coruña, A;1977;7.790
15 Coruña, A;1976;8.024
15 Coruña, A;1975;7.931
16 Cuenca;2020;243
16 Cuenca;2019;547
16 Cuenca;2018;567
16 Cuenca;2017;489
16 Cuenca;2016;544
16 Cuenca;2015;582
16 Cuenca;2014;566
16 Cuenca;2013;553
16 Cuenca;2012;609
16 Cuenca;2011;557
16 Cuenca;2010;592
16 Cuenca;2009;572
16 Cuenca;2008;688
16 Cuenca;2007;699
16 Cuenca;2006;699
16 Cuenca;2005;738
16 Cuenca;2004;711
16 Cuenca;2003;752
16 Cuenca;2002;747
16 Cuenca;2001;733
16 Cuenca;2000;804
16 Cuenca;1999;799
16 Cuenca;1998;829
16 Cuenca;1997;776
16 Cuenca;1996;852
16 Cuenca;1995;896
16 Cuenca;1994;898
16 Cuenca;1993;877
16 Cuenca;1992;987
16 Cuenca;1991;1.020
16 Cuenca;1990;994
16 Cuenca;1989;1.163
16 Cuenca;1988;1.093
16 Cuenca;1987;1.104
16 Cuenca;1986;1.125
16 Cuenca;1985;1.044
16 Cuenca;1984;1.085
16 Cuenca;1983;1.182
16 Cuenca;1982;1.087
16 Cuenca;1981;1.043
16 Cuenca;1980;1.096
16 Cuenca;1979;1.054
16 Cuenca;1978;1.100
16 Cuenca;1977;1.113
16 Cuenca;1976;1.077
16 Cuenca;1975;1.077
20 Gipuzkoa;2020;1.332
20 Gipuzkoa;2019;2.496
20 Gipuzkoa;2018;2.484
20 Gipuzkoa;2017;2.581
20 Gipuzkoa;2016;2.492
20 Gipuzkoa;2015;2.450
20 Gipuzkoa;2014;2.504
20 Gipuzkoa;2013;2.477
20 Gipuzkoa;2012;2.659
20 Gipuzkoa;2011;2.742
20 Gipuzkoa;2010;2.825
20 Gipuzkoa;2009;2.981
20 Gipuzkoa;2008;3.068
20 Gipuzkoa;2007;3.093
20 Gipuzkoa;2006;3.191
20 Gipuzkoa;2005;3.300
20 Gipuzkoa;2004;3.511
20 Gipuzkoa;2003;3.499
20 Gipuzkoa;2002;3.435
20 Gipuzkoa;2001;3.335
20 Gipuzkoa;2000;3.480
20 Gipuzkoa;1999;3.230
20 Gipuzkoa;1998;3.280
20 Gipuzkoa;1997;3.103
20 Gipuzkoa;1996;3.147
20 Gipuzkoa;1995;3.265
20 Gipuzkoa;1994;3.131
20 Gipuzkoa;1993;3.105
20 Gipuzkoa;1992;3.434
20 Gipuzkoa;1991;3.197
20 Gipuzkoa;1990;3.319
20 Gipuzkoa;1989;3.224
20 Gipuzkoa;1988;3.058
20 Gipuzkoa;1987;3.097
20 Gipuzkoa;1986;3.036
20 Gipuzkoa;1985;2.766
20 Gipuzkoa;1984;3.189
20 Gipuzkoa;1983;3.167
20 Gipuzkoa;1982;3.450
20 Gipuzkoa;1981;2.895
20 Gipuzkoa;1980;3.257
20 Gipuzkoa;1979;3.950
20 Gipuzkoa;1978;4.419
20 Gipuzkoa;1977;4.838
20 Gipuzkoa;1976;5.434
20 Gipuzkoa;1975;5.616
17 Girona;2020;1.600
17 Girona;2019;2.820
17 Girona;2018;2.770
17 Girona;2017;2.810
17 Girona;2016;2.776
17 Girona;2015;2.838
17 Girona;2014;2.815
17 Girona;2013;2.597
17 Girona;2012;2.526
17 Girona;2011;2.534
17 Girona;2010;2.499
17 Girona;2009;2.674
17 Girona;2008;2.840
17 Girona;2007;2.865
17 Girona;2006;2.853
17 Girona;2005;2.826
17 Girona;2004;2.940
17 Girona;2003;2.718
17 Girona;2002;2.597
17 Girona;2001;2.382
17 Girona;2000;2.387
17 Girona;1999;2.277
17 Girona;1998;2.417
17 Girona;1997;2.472
17 Girona;1996;2.514
17 Girona;1995;2.502
17 Girona;1994;2.545
17 Girona;1993;2.570
17 Girona;1992;2.884
17 Girona;1991;2.736
17 Girona;1990;2.842
17 Girona;1989;2.895
17 Girona;1988;2.780
17 Girona;1987;2.657
17 Girona;1986;2.626
17 Girona;1985;2.608
17 Girona;1984;1.218
17 Girona;1983;1.185
17 Girona;1982;1.093
17 Girona;1981;2.621
17 Girona;1980;2.981
17 Girona;1979;3.322
17 Girona;1978;3.529
17 Girona;1977;3.468
17 Girona;1976;3.423
17 Girona;1975;3.467
18 Granada;2020;1.448
18 Granada;2019;3.078
18 Granada;2018;2.986
18 Granada;2017;3.125
18 Granada;2016;3.183
18 Granada;2015;3.137
18 Granada;2014;3.099
18 Granada;2013;2.747
18 Granada;2012;3.020
18 Granada;2011;2.814
18 Granada;2010;2.976
18 Granada;2009;3.201
18 Granada;2008;3.783
18 Granada;2007;4.177
18 Granada;2006;4.084
18 Granada;2005;4.281
18 Granada;2004;4.583
18 Granada;2003;4.463
18 Granada;2002;4.267
18 Granada;2001;4.400
18 Granada;2000;4.543
18 Granada;1999;4.205
18 Granada;1998;4.166
18 Granada;1997;4.143
18 Granada;1996;4.077
18 Granada;1995;4.280
18 Granada;1994;4.313
18 Granada;1993;4.273
18 Granada;1992;4.682
18 Granada;1991;4.749
18 Granada;1990;4.951
18 Granada;1989;4.972
18 Granada;1988;5.151
18 Granada;1987;4.942
18 Granada;1986;4.862
18 Granada;1985;4.746
18 Granada;1984;4.668
18 Granada;1983;4.619
18 Granada;1982;4.202
18 Granada;1981;4.517
18 Granada;1980;4.643
18 Granada;1979;4.800
18 Granada;1978;4.716
18 Granada;1977;4.708
18 Granada;1976;4.471
18 Granada;1975;4.609
19 Guadalajara;2020;520
19 Guadalajara;2019;953
19 Guadalajara;2018;976
19 Guadalajara;2017;939
19 Guadalajara;2016;999
19 Guadalajara;2015;1.011
19 Guadalajara;2014;928
19 Guadalajara;2013;925
19 Guadalajara;2012;1.069
19 Guadalajara;2011;1.001
19 Guadalajara;2010;1.083
19 Guadalajara;2009;1.032
19 Guadalajara;2008;1.199
19 Guadalajara;2007;1.244
19 Guadalajara;2006;1.182
19 Guadalajara;2005;1.142
19 Guadalajara;2004;1.055
19 Guadalajara;2003;1.006
19 Guadalajara;2002;978
19 Guadalajara;2001;914
19 Guadalajara;2000;976
19 Guadalajara;1999;958
19 Guadalajara;1998;860
19 Guadalajara;1997;847
19 Guadalajara;1996;804
19 Guadalajara;1995;793
19 Guadalajara;1994;759
19 Guadalajara;1993;798
19 Guadalajara;1992;816
19 Guadalajara;1991;830
19 Guadalajara;1990;819
19 Guadalajara;1989;774
19 Guadalajara;1988;750
19 Guadalajara;1987;780
19 Guadalajara;1986;716
19 Guadalajara;1985;673
19 Guadalajara;1984;625
19 Guadalajara;1983;641
19 Guadalajara;1982;377
19 Guadalajara;1981;642
19 Guadalajara;1980;705
19 Guadalajara;1979;713
19 Guadalajara;1978;796
19 Guadalajara;1977;703
19 Guadalajara;1976;691
19 Guadalajara;1975;658
21 Huelva;2020;995
21 Huelva;2019;1.811
21 Huelva;2018;1.647
21 Huelva;2017;1.666
21 Huelva;2016;1.856
21 Huelva;2015;1.723
21 Huelva;2014;1.671
21 Huelva;2013;1.558
21 Huelva;2012;1.863
21 Huelva;2011;1.695
21 Huelva;2010;1.750
21 Huelva;2009;1.810
21 Huelva;2008;2.384
21 Huelva;2007;2.469
21 Huelva;2006;2.539
21 Huelva;2005;2.645
21 Huelva;2004;2.581
21 Huelva;2003;2.563
21 Huelva;2002;2.456
21 Huelva;2001;2.510
21 Huelva;2000;2.601
21 Huelva;1999;2.510
21 Huelva;1998;2.453
21 Huelva;1997;2.222
21 Huelva;1996;2.163
21 Huelva;1995;2.284
21 Huelva;1994;2.373
21 Huelva;1993;2.311
21 Huelva;1992;2.470
21 Huelva;1991;2.324
21 Huelva;1990;2.381
21 Huelva;1989;2.700
21 Huelva;1988;2.688
21 Huelva;1987;2.772
21 Huelva;1986;2.480
21 Huelva;1985;2.270
21 Huelva;1984;2.329
21 Huelva;1983;2.396
21 Huelva;1982;2.327
21 Huelva;1981;2.546
21 Huelva;1980;2.768
21 Huelva;1979;2.880
21 Huelva;1978;2.951
21 Huelva;1977;2.874
21 Huelva;1976;2.847
21 Huelva;1975;2.856
22 Huesca;2020;355
22 Huesca;2019;694
22 Huesca;2018;625
22 Huesca;2017;615
22 Huesca;2016;686
22 Huesca;2015;605
22 Huesca;2014;674
22 Huesca;2013;643
22 Huesca;2012;766
22 Huesca;2011;626
22 Huesca;2010;670
22 Huesca;2009;694
22 Huesca;2008;732
22 Huesca;2007;796
22 Huesca;2006;819
22 Huesca;2005;797
22 Huesca;2004;867
22 Huesca;2003;773
22 Huesca;2002;818
22 Huesca;2001;801
22 Huesca;2000;855
22 Huesca;1999;811
22 Huesca;1998;861
22 Huesca;1997;803
22 Huesca;1996;829
22 Huesca;1995;843
22 Huesca;1994;859
22 Huesca;1993;941
22 Huesca;1992;993
22 Huesca;1991;916
22 Huesca;1990;1.036
22 Huesca;1989;1.028
22 Huesca;1988;997
22 Huesca;1987;952
22 Huesca;1986;985
22 Huesca;1985;959
22 Huesca;1984;996
22 Huesca;1983;1.000
22 Huesca;1982;984
22 Huesca;1981;975
22 Huesca;1980;1.150
22 Huesca;1979;1.109
22 Huesca;1978;1.221
22 Huesca;1977;1.213
22 Huesca;1976;1.221
22 Huesca;1975;1.285
23 Jaén;2020;718
23 Jaén;2019;2.182
23 Jaén;2018;2.259
23 Jaén;2017;2.274
23 Jaén;2016;2.244
23 Jaén;2015;2.143
23 Jaén;2014;2.052
23 Jaén;2013;1.818
23 Jaén;2012;2.226
23 Jaén;2011;2.175
23 Jaén;2010;2.198
23 Jaén;2009;2.449
23 Jaén;2008;2.959
23 Jaén;2007;3.108
23 Jaén;2006;3.186
23 Jaén;2005;3.198
23 Jaén;2004;3.187
23 Jaén;2003;3.168
23 Jaén;2002;3.201
23 Jaén;2001;3.090
23 Jaén;2000;3.403
23 Jaén;1999;3.306
23 Jaén;1998;3.250
23 Jaén;1997;3.227
23 Jaén;1996;3.081
23 Jaén;1995;3.329
23 Jaén;1994;3.199
23 Jaén;1993;3.380
23 Jaén;1992;3.684
23 Jaén;1991;3.928
23 Jaén;1990;4.055
23 Jaén;1989;4.207
23 Jaén;1988;4.321
23 Jaén;1987;4.247
23 Jaén;1986;4.106
23 Jaén;1985;4.059
23 Jaén;1984;3.992
23 Jaén;1983;4.174
23 Jaén;1982;3.708
23 Jaén;1981;3.990
23 Jaén;1980;4.145
23 Jaén;1979;4.408
23 Jaén;1978;4.255
23 Jaén;1977;3.913
23 Jaén;1976;3.836
23 Jaén;1975;3.891
24 León;2020;690
24 León;2019;1.251
24 León;2018;1.343
24 León;2017;1.412
24 León;2016;1.380
24 León;2015;1.294
24 León;2014;1.430
24 León;2013;1.367
24 León;2012;1.586
24 León;2011;1.448
24 León;2010;1.518
24 León;2009;1.517
24 León;2008;1.646
24 León;2007;1.760
24 León;2006;1.623
24 León;2005;1.727
24 León;2004;1.760
24 León;2003;1.771
24 León;2002;1.800
24 León;2001;1.757
24 León;2000;1.940
24 León;1999;1.961
24 León;1998;1.925
24 León;1997;1.972
24 León;1996;1.910
24 León;1995;1.896
24 León;1994;1.984
24 León;1993;2.000
24 León;1992;2.283
24 León;1991;2.267
24 León;1990;2.361
24 León;1989;2.518
24 León;1988;2.642
24 León;1987;2.595
24 León;1986;2.793
24 León;1985;2.734
24 León;1984;2.857
24 León;1983;2.908
24 León;1982;2.980
24 León;1981;2.961
24 León;1980;3.046
24 León;1979;3.155
24 León;1978;3.276
24 León;1977;3.048
24 León;1976;3.121
24 León;1975;3.234
25 Lleida;2020;827
25 Lleida;2019;1.349
25 Lleida;2018;1.334
25 Lleida;2017;1.411
25 Lleida;2016;1.442
25 Lleida;2015;1.311
25 Lleida;2014;1.413
25 Lleida;2013;1.330
25 Lleida;2012;1.443
25 Lleida;2011;1.433
25 Lleida;2010;1.560
25 Lleida;2009;1.582
25 Lleida;2008;1.785
25 Lleida;2007;1.821
25 Lleida;2006;1.778
25 Lleida;2005;1.726
25 Lleida;2004;1.757
25 Lleida;2003;1.745
25 Lleida;2002;1.741
25 Lleida;2001;1.626
25 Lleida;2000;1.687
25 Lleida;1999;1.782
25 Lleida;1998;1.663
25 Lleida;1997;1.627
25 Lleida;1996;1.664
25 Lleida;1995;1.732
25 Lleida;1994;1.656
25 Lleida;1993;1.729
25 Lleida;1992;1.890
25 Lleida;1991;1.834
25 Lleida;1990;1.779
25 Lleida;1989;1.857
25 Lleida;1988;1.832
25 Lleida;1987;1.888
25 Lleida;1986;1.852
25 Lleida;1985;1.836
25 Lleida;1984;1.708
25 Lleida;1983;1.740
25 Lleida;1982;1.796
25 Lleida;1981;1.711
25 Lleida;1980;1.942
25 Lleida;1979;2.119
25 Lleida;1978;2.283
25 Lleida;1977;2.199
25 Lleida;1976;2.170
25 Lleida;1975;2.351
27 Lugo;2020;633
27 Lugo;2019;998
27 Lugo;2018;1.018
27 Lugo;2017;1.053
27 Lugo;2016;1.045
27 Lugo;2015;975
27 Lugo;2014;977
27 Lugo;2013;924
27 Lugo;2012;1.026
27 Lugo;2011;1.027
27 Lugo;2010;1.069
27 Lugo;2009;1.080
27 Lugo;2008;1.122
27 Lugo;2007;1.141
27 Lugo;2006;1.113
27 Lugo;2005;1.075
27 Lugo;2004;1.173
27 Lugo;2003;1.190
27 Lugo;2002;1.194
27 Lugo;2001;1.132
27 Lugo;2000;1.289
27 Lugo;1999;1.293
27 Lugo;1998;1.345
27 Lugo;1997;1.322
27 Lugo;1996;1.341
27 Lugo;1995;1.411
27 Lugo;1994;1.390
27 Lugo;1993;1.494
27 Lugo;1992;1.584
27 Lugo;1991;1.683
27 Lugo;1990;1.745
27 Lugo;1989;1.950
27 Lugo;1988;1.810
27 Lugo;1987;1.767
27 Lugo;1986;1.827
27 Lugo;1985;1.791
27 Lugo;1984;1.909
27 Lugo;1983;2.061
27 Lugo;1982;1.986
27 Lugo;1981;2.225
27 Lugo;1980;2.314
27 Lugo;1979;2.471
27 Lugo;1978;2.415
27 Lugo;1977;2.406
27 Lugo;1976;2.323
27 Lugo;1975;2.301
28 Madrid;2020;12.394
28 Madrid;2019;23.538
28 Madrid;2018;23.797
28 Madrid;2017;25.039
28 Madrid;2016;25.215
28 Madrid;2015;24.848
28 Madrid;2014;23.222
28 Madrid;2013;23.878
28 Madrid;2012;24.526
28 Madrid;2011;24.306
28 Madrid;2010;24.603
28 Madrid;2009;24.505
28 Madrid;2008;26.583
28 Madrid;2007;28.000
28 Madrid;2006;27.684
28 Madrid;2005;28.387
28 Madrid;2004;30.205
28 Madrid;2003;29.735
28 Madrid;2002;30.021
28 Madrid;2001;29.854
28 Madrid;2000;30.631
28 Madrid;1999;29.051
28 Madrid;1998;28.722
28 Madrid;1997;26.448
28 Madrid;1996;25.773
28 Madrid;1995;27.069
28 Madrid;1994;27.014
28 Madrid;1993;27.540
28 Madrid;1992;29.650
28 Madrid;1991;29.585
28 Madrid;1990;29.132
28 Madrid;1989;28.487
28 Madrid;1988;27.564
28 Madrid;1987;26.990
28 Madrid;1986;26.201
28 Madrid;1985;25.046
28 Madrid;1984;25.990
28 Madrid;1983;26.733
28 Madrid;1982;26.514
28 Madrid;1981;25.453
28 Madrid;1980;28.808
28 Madrid;1979;31.524
28 Madrid;1978;33.858
28 Madrid;1977;35.592
28 Madrid;1976;35.766
28 Madrid;1975;38.812
29 Málaga;2020;3.055
29 Málaga;2019;5.537
29 Málaga;2018;5.446
29 Málaga;2017;5.720
29 Málaga;2016;5.554
29 Málaga;2015;5.551
29 Málaga;2014;5.392
29 Málaga;2013;5.036
29 Málaga;2012;5.355
29 Málaga;2011;5.156
29 Málaga;2010;5.591
29 Málaga;2009;5.868
29 Málaga;2008;6.994
29 Málaga;2007;7.238
29 Málaga;2006;7.463
29 Málaga;2005;7.349
29 Málaga;2004;7.648
29 Málaga;2003;7.541
29 Málaga;2002;7.246
29 Málaga;2001;7.306
29 Málaga;2000;6.997
29 Málaga;1999;6.841
29 Málaga;1998;6.511
29 Málaga;1997;6.040
29 Málaga;1996;5.834
29 Málaga;1995;6.445
29 Málaga;1994;6.103
29 Málaga;1993;6.131
29 Málaga;1992;6.401
29 Málaga;1991;6.901
29 Málaga;1990;6.986
29 Málaga;1989;6.813
29 Málaga;1988;6.469
29 Málaga;1987;6.704
29 Málaga;1986;6.336
29 Málaga;1985;5.969
29 Málaga;1984;6.006
29 Málaga;1983;5.890
29 Málaga;1982;5.869
29 Málaga;1981;5.904
29 Málaga;1980;6.063
29 Málaga;1979;6.701
29 Málaga;1978;6.565
29 Málaga;1977;6.584
29 Málaga;1976;6.136
29 Málaga;1975;7.137
30 Murcia;2020;2.601
30 Murcia;2019;4.955
30 Murcia;2018;5.079
30 Murcia;2017;5.094
30 Murcia;2016;5.067
30 Murcia;2015;4.815
30 Murcia;2014;4.846
30 Murcia;2013;4.375
30 Murcia;2012;4.867
30 Murcia;2011;4.656
30 Murcia;2010;4.996
30 Murcia;2009;5.125
30 Murcia;2008;5.765
30 Murcia;2007;6.647
30 Murcia;2006;6.484
30 Murcia;2005;6.668
30 Murcia;2004;6.651
30 Murcia;2003;6.816
30 Murcia;2002;6.663
30 Murcia;2001;6.530
30 Murcia;2000;6.942
30 Murcia;1999;6.654
30 Murcia;1998;6.409
30 Murcia;1997;6.203
30 Murcia;1996;5.914
30 Murcia;1995;6.040
30 Murcia;1994;5.893
30 Murcia;1993;5.830
30 Murcia;1992;6.372
30 Murcia;1991;6.434
30 Murcia;1990;6.688
30 Murcia;1989;6.840
30 Murcia;1988;6.728
30 Murcia;1987;6.648
30 Murcia;1986;6.435
30 Murcia;1985;5.931
30 Murcia;1984;1.461
30 Murcia;1983;1.112
30 Murcia;1982;782
30 Murcia;1981;5.795
30 Murcia;1980;6.432
30 Murcia;1979;6.635
30 Murcia;1978;6.595
30 Murcia;1977;6.586
30 Murcia;1976;6.355
30 Murcia;1975;6.467
31 Navarra;2020;1.279
31 Navarra;2019;2.050
31 Navarra;2018;2.050
31 Navarra;2017;2.295
31 Navarra;2016;2.383
31 Navarra;2015;2.616
31 Navarra;2014;2.301
31 Navarra;2013;2.097
31 Navarra;2012;2.232
31 Navarra;2011;2.218
31 Navarra;2010;2.285
31 Navarra;2009;2.492
31 Navarra;2008;2.681
31 Navarra;2007;2.705
31 Navarra;2006;2.727
31 Navarra;2005;2.671
31 Navarra;2004;2.920
31 Navarra;2003;2.868
31 Navarra;2002;2.828
31 Navarra;2001;2.694
31 Navarra;2000;2.969
31 Navarra;1999;2.841
31 Navarra;1998;2.736
31 Navarra;1997;2.554
31 Navarra;1996;2.714
31 Navarra;1995;2.653
31 Navarra;1994;2.663
31 Navarra;1993;2.720
31 Navarra;1992;2.689
31 Navarra;1991;2.661
31 Navarra;1990;2.677
31 Navarra;1989;2.630
31 Navarra;1988;2.636
31 Navarra;1987;2.622
31 Navarra;1986;2.506
31 Navarra;1985;2.413
31 Navarra;1984;2.633
31 Navarra;1983;2.575
31 Navarra;1982;2.667
31 Navarra;1981;2.664
31 Navarra;1980;3.017
31 Navarra;1979;3.225
31 Navarra;1978;3.450
31 Navarra;1977;3.480
31 Navarra;1976;3.481
31 Navarra;1975;3.706
32 Ourense;2020;496
32 Ourense;2019;860
32 Ourense;2018;737
32 Ourense;2017;819
32 Ourense;2016;825
32 Ourense;2015;825
32 Ourense;2014;846
32 Ourense;2013;861
32 Ourense;2012;917
32 Ourense;2011;881
32 Ourense;2010;908
32 Ourense;2009;936
32 Ourense;2008;1.062
32 Ourense;2007;1.263
32 Ourense;2006;1.147
32 Ourense;2005;1.119
32 Ourense;2004;1.178
32 Ourense;2003;1.126
32 Ourense;2002;1.237
32 Ourense;2001;1.200
32 Ourense;2000;1.299
32 Ourense;1999;1.280
32 Ourense;1998;1.309
32 Ourense;1997;1.224
32 Ourense;1996;1.301
32 Ourense;1995;1.299
32 Ourense;1994;1.342
32 Ourense;1993;1.403
32 Ourense;1992;1.550
32 Ourense;1991;1.508
32 Ourense;1990;1.600
32 Ourense;1989;1.724
32 Ourense;1988;1.822
32 Ourense;1987;1.811
32 Ourense;1986;1.705
32 Ourense;1985;1.721
32 Ourense;1984;1.826
32 Ourense;1983;1.848
32 Ourense;1982;1.795
32 Ourense;1981;1.805
32 Ourense;1980;2.087
32 Ourense;1979;2.337
32 Ourense;1978;2.491
32 Ourense;1977;2.521
32 Ourense;1976;2.475
32 Ourense;1975;2.538
34 Palencia;2020;190
34 Palencia;2019;443
34 Palencia;2018;477
34 Palencia;2017;500
34 Palencia;2016;531
34 Palencia;2015;492
34 Palencia;2014;495
34 Palencia;2013;440
34 Palencia;2012;550
34 Palencia;2011;480
34 Palencia;2010;542
34 Palencia;2009;525
34 Palencia;2008;596
34 Palencia;2007;621
34 Palencia;2006;671
34 Palencia;2005;695
34 Palencia;2004;686
34 Palencia;2003;640
34 Palencia;2002;702
34 Palencia;2001;680
34 Palencia;2000;762
34 Palencia;1999;710
34 Palencia;1998;610
34 Palencia;1997;696
34 Palencia;1996;703
34 Palencia;1995;763
34 Palencia;1994;776
34 Palencia;1993;746
34 Palencia;1992;795
34 Palencia;1991;898
34 Palencia;1990;859
34 Palencia;1989;908
34 Palencia;1988;947
34 Palencia;1987;883
34 Palencia;1986;973
34 Palencia;1985;903
34 Palencia;1984;938
34 Palencia;1983;959
34 Palencia;1982;1.060
34 Palencia;1981;979
34 Palencia;1980;1.037
34 Palencia;1979;1.095
34 Palencia;1978;1.128
34 Palencia;1977;971
34 Palencia;1976;999
34 Palencia;1975;954
35 Palmas, Las;2020;2.399
35 Palmas, Las;2019;3.913
35 Palmas, Las;2018;3.884
35 Palmas, Las;2017;3.787
35 Palmas, Las;2016;3.744
35 Palmas, Las;2015;3.487
35 Palmas, Las;2014;3.337
35 Palmas, Las;2013;3.283
35 Palmas, Las;2012;2.996
35 Palmas, Las;2011;2.756
35 Palmas, Las;2010;2.704
35 Palmas, Las;2009;2.926
35 Palmas, Las;2008;3.153
35 Palmas, Las;2007;3.274
35 Palmas, Las;2006;3.340
35 Palmas, Las;2005;3.339
35 Palmas, Las;2004;3.518
35 Palmas, Las;2003;3.688
35 Palmas, Las;2002;3.631
35 Palmas, Las;2001;3.900
35 Palmas, Las;2000;4.020
35 Palmas, Las;1999;4.197
35 Palmas, Las;1998;4.135
35 Palmas, Las;1997;3.981
35 Palmas, Las;1996;4.052
35 Palmas, Las;1995;4.309
35 Palmas, Las;1994;4.343
35 Palmas, Las;1993;4.387
35 Palmas, Las;1992;4.637
35 Palmas, Las;1991;4.692
35 Palmas, Las;1990;5.101
35 Palmas, Las;1989;5.309
35 Palmas, Las;1988;5.520
35 Palmas, Las;1987;5.389
35 Palmas, Las;1986;4.750
35 Palmas, Las;1985;4.602
35 Palmas, Las;1984;4.446
35 Palmas, Las;1983;4.464
35 Palmas, Las;1982;4.309
35 Palmas, Las;1981;4.604
35 Palmas, Las;1980;5.029
35 Palmas, Las;1979;5.396
35 Palmas, Las;1978;5.333
35 Palmas, Las;1977;5.154
35 Palmas, Las;1976;5.096
35 Palmas, Las;1975;4.981
36 Pontevedra;2020;1.987
36 Pontevedra;2019;3.303
36 Pontevedra;2018;2.879
36 Pontevedra;2017;3.223
36 Pontevedra;2016;3.256
36 Pontevedra;2015;3.224
36 Pontevedra;2014;2.934
36 Pontevedra;2013;2.917
36 Pontevedra;2012;3.185
36 Pontevedra;2011;3.179
36 Pontevedra;2010;3.440
36 Pontevedra;2009;3.440
36 Pontevedra;2008;3.868
36 Pontevedra;2007;3.958
36 Pontevedra;2006;4.036
36 Pontevedra;2005;4.061
36 Pontevedra;2004;4.123
36 Pontevedra;2003;4.013
36 Pontevedra;2002;4.212
36 Pontevedra;2001;4.199
36 Pontevedra;2000;4.354
36 Pontevedra;1999;4.401
36 Pontevedra;1998;4.416
36 Pontevedra;1997;4.129
36 Pontevedra;1996;4.058
36 Pontevedra;1995;4.089
36 Pontevedra;1994;4.076
36 Pontevedra;1993;4.317
36 Pontevedra;1992;4.589
36 Pontevedra;1991;4.476
36 Pontevedra;1990;4.339
36 Pontevedra;1989;4.381
36 Pontevedra;1988;4.265
36 Pontevedra;1987;4.236
36 Pontevedra;1986;3.987
36 Pontevedra;1985;3.887
36 Pontevedra;1984;4.118
36 Pontevedra;1983;3.895
36 Pontevedra;1982;4.096
36 Pontevedra;1981;4.645
36 Pontevedra;1980;5.400
36 Pontevedra;1979;5.865
36 Pontevedra;1978;6.082
36 Pontevedra;1977;6.309
36 Pontevedra;1976;6.289
36 Pontevedra;1975;6.190
26 Rioja, La;2020;600
26 Rioja, La;2019;1.093
26 Rioja, La;2018;1.117
26 Rioja, La;2017;1.035
26 Rioja, La;2016;1.133
26 Rioja, La;2015;1.063
26 Rioja, La;2014;1.114
26 Rioja, La;2013;994
26 Rioja, La;2012;1.111
26 Rioja, La;2011;1.069
26 Rioja, La;2010;1.126
26 Rioja, La;2009;1.205
26 Rioja, La;2008;1.323
26 Rioja, La;2007;1.354
26 Rioja, La;2006;1.373
26 Rioja, La;2005;1.407
26 Rioja, La;2004;1.477
26 Rioja, La;2003;1.466
26 Rioja, La;2002;1.380
26 Rioja, La;2001;1.392
26 Rioja, La;2000;1.439
26 Rioja, La;1999;1.295
26 Rioja, La;1998;1.309
26 Rioja, La;1997;1.322
26 Rioja, La;1996;1.270
26 Rioja, La;1995;1.187
26 Rioja, La;1994;1.237
26 Rioja, La;1993;1.199
26 Rioja, La;1992;1.303
26 Rioja, La;1991;1.309
26 Rioja, La;1990;1.318
26 Rioja, La;1989;1.378
26 Rioja, La;1988;1.339
26 Rioja, La;1987;1.420
26 Rioja, La;1986;1.357
26 Rioja, La;1985;1.325
26 Rioja, La;1984;1.419
26 Rioja, La;1983;1.365
26 Rioja, La;1982;1.208
26 Rioja, La;1981;1.245
26 Rioja, La;1980;1.449
26 Rioja, La;1979;1.749
26 Rioja, La;1978;1.689
26 Rioja, La;1977;1.681
26 Rioja, La;1976;1.592
26 Rioja, La;1975;1.746
37 Salamanca;2020;367
37 Salamanca;2019;944
37 Salamanca;2018;974
37 Salamanca;2017;1.080
37 Salamanca;2016;1.041
37 Salamanca;2015;1.044
37 Salamanca;2014;1.081
37 Salamanca;2013;1.069
37 Salamanca;2012;1.139
37 Salamanca;2011;935
37 Salamanca;2010;1.075
37 Salamanca;2009;1.211
37 Salamanca;2008;1.324
37 Salamanca;2007;1.370
37 Salamanca;2006;1.336
37 Salamanca;2005;1.408
37 Salamanca;2004;1.456
37 Salamanca;2003;1.494
37 Salamanca;2002;1.455
37 Salamanca;2001;1.461
37 Salamanca;2000;1.561
37 Salamanca;1999;1.535
37 Salamanca;1998;1.462
37 Salamanca;1997;1.454
37 Salamanca;1996;1.406
37 Salamanca;1995;1.462
37 Salamanca;1994;1.464
37 Salamanca;1993;1.551
37 Salamanca;1992;1.727
37 Salamanca;1991;1.755
37 Salamanca;1990;1.708
37 Salamanca;1989;1.850
37 Salamanca;1988;1.810
37 Salamanca;1987;1.798
37 Salamanca;1986;1.841
37 Salamanca;1985;1.599
37 Salamanca;1984;1.429
37 Salamanca;1983;749
37 Salamanca;1982;556
37 Salamanca;1981;596
37 Salamanca;1980;745
37 Salamanca;1979;2.091
37 Salamanca;1978;2.068
37 Salamanca;1977;1.987
37 Salamanca;1976;1.913
37 Salamanca;1975;2.003
38 Santa Cruz de Tenerife;2020;2.209
38 Santa Cruz de Tenerife;2019;3.475
38 Santa Cruz de Tenerife;2018;3.514
38 Santa Cruz de Tenerife;2017;3.449
38 Santa Cruz de Tenerife;2016;3.314
38 Santa Cruz de Tenerife;2015;3.176
38 Santa Cruz de Tenerife;2014;2.992
38 Santa Cruz de Tenerife;2013;2.697
38 Santa Cruz de Tenerife;2012;2.683
38 Santa Cruz de Tenerife;2011;2.676
38 Santa Cruz de Tenerife;2010;2.753
38 Santa Cruz de Tenerife;2009;2.990
38 Santa Cruz de Tenerife;2008;3.185
38 Santa Cruz de Tenerife;2007;3.129
38 Santa Cruz de Tenerife;2006;3.456
38 Santa Cruz de Tenerife;2005;3.401
38 Santa Cruz de Tenerife;2004;3.318
38 Santa Cruz de Tenerife;2003;3.261
38 Santa Cruz de Tenerife;2002;3.337
38 Santa Cruz de Tenerife;2001;3.290
38 Santa Cruz de Tenerife;2000;3.558
38 Santa Cruz de Tenerife;1999;3.828
38 Santa Cruz de Tenerife;1998;3.956
38 Santa Cruz de Tenerife;1997;3.600
38 Santa Cruz de Tenerife;1996;3.618
38 Santa Cruz de Tenerife;1995;3.840
38 Santa Cruz de Tenerife;1994;3.985
38 Santa Cruz de Tenerife;1993;3.796
38 Santa Cruz de Tenerife;1992;4.129
38 Santa Cruz de Tenerife;1991;4.245
38 Santa Cruz de Tenerife;1990;4.417
38 Santa Cruz de Tenerife;1989;4.230
38 Santa Cruz de Tenerife;1988;4.592
38 Santa Cruz de Tenerife;1987;4.343
38 Santa Cruz de Tenerife;1986;4.032
38 Santa Cruz de Tenerife;1985;3.907
38 Santa Cruz de Tenerife;1984;4.173
38 Santa Cruz de Tenerife;1983;4.166
38 Santa Cruz de Tenerife;1982;4.098
38 Santa Cruz de Tenerife;1981;3.971
38 Santa Cruz de Tenerife;1980;4.463
38 Santa Cruz de Tenerife;1979;4.835
38 Santa Cruz de Tenerife;1978;4.656
38 Santa Cruz de Tenerife;1977;4.446
38 Santa Cruz de Tenerife;1976;4.576
38 Santa Cruz de Tenerife;1975;4.546
40 Segovia;2020;228
40 Segovia;2019;532
40 Segovia;2018;481
40 Segovia;2017;549
40 Segovia;2016;484
40 Segovia;2015;520
40 Segovia;2014;452
40 Segovia;2013;439
40 Segovia;2012;481
40 Segovia;2011;513
40 Segovia;2010;534
40 Segovia;2009;566
40 Segovia;2008;664
40 Segovia;2007;594
40 Segovia;2006;586
40 Segovia;2005;604
40 Segovia;2004;644
40 Segovia;2003;586
40 Segovia;2002;686
40 Segovia;2001;611
40 Segovia;2000;644
40 Segovia;1999;658
40 Segovia;1998;652
40 Segovia;1997;635
40 Segovia;1996;641
40 Segovia;1995;599
40 Segovia;1994;655
40 Segovia;1993;683
40 Segovia;1992;707
40 Segovia;1991;697
40 Segovia;1990;719
40 Segovia;1989;698
40 Segovia;1988;768
40 Segovia;1987;691
40 Segovia;1986;742
40 Segovia;1985;713
40 Segovia;1984;722
40 Segovia;1983;734
40 Segovia;1982;698
40 Segovia;1981;693
40 Segovia;1980;753
40 Segovia;1979;788
40 Segovia;1978;783
40 Segovia;1977;878
40 Segovia;1976;754
40 Segovia;1975;860
41 Sevilla;2020;3.663
41 Sevilla;2019;7.601
41 Sevilla;2018;7.346
41 Sevilla;2017;7.284
41 Sevilla;2016;7.681
41 Sevilla;2015;7.456
41 Sevilla;2014;7.105
41 Sevilla;2013;6.643
41 Sevilla;2012;7.312
41 Sevilla;2011;7.110
41 Sevilla;2010;7.528
41 Sevilla;2009;8.150
41 Sevilla;2008;9.565
41 Sevilla;2007;10.365
41 Sevilla;2006;10.574
41 Sevilla;2005;10.885
41 Sevilla;2004;10.625
41 Sevilla;2003;10.159
41 Sevilla;2002;10.216
41 Sevilla;2001;10.020
41 Sevilla;2000;10.267
41 Sevilla;1999;9.768
41 Sevilla;1998;9.672
41 Sevilla;1997;9.196
41 Sevilla;1996;8.905
41 Sevilla;1995;9.140
41 Sevilla;1994;9.222
41 Sevilla;1993;9.587
41 Sevilla;1992;9.881
41 Sevilla;1991;10.397
41 Sevilla;1990;10.252
41 Sevilla;1989;10.264
41 Sevilla;1988;9.948
41 Sevilla;1987;9.780
41 Sevilla;1986;9.239
41 Sevilla;1985;8.719
41 Sevilla;1984;8.924
41 Sevilla;1983;8.985
41 Sevilla;1982;8.844
41 Sevilla;1981;8.794
41 Sevilla;1980;9.443
41 Sevilla;1979;10.206
41 Sevilla;1978;10.548
41 Sevilla;1977;10.793
41 Sevilla;1976;10.521
41 Sevilla;1975;10.388
42 Soria;2020;147
42 Soria;2019;269
42 Soria;2018;273
42 Soria;2017;262
42 Soria;2016;270
42 Soria;2015;240
42 Soria;2014;253
42 Soria;2013;233
42 Soria;2012;277
42 Soria;2011;250
42 Soria;2010;273
42 Soria;2009;290
42 Soria;2008;254
42 Soria;2007;288
42 Soria;2006;308
42 Soria;2005;290
42 Soria;2004;320
42 Soria;2003;356
42 Soria;2002;362
42 Soria;2001;317
42 Soria;2000;323
42 Soria;1999;362
42 Soria;1998;381
42 Soria;1997;347
42 Soria;1996;343
42 Soria;1995;368
42 Soria;1994;363
42 Soria;1993;376
42 Soria;1992;436
42 Soria;1991;372
42 Soria;1990;389
42 Soria;1989;423
42 Soria;1988;422
42 Soria;1987;421
42 Soria;1986;415
42 Soria;1985;436
42 Soria;1984;413
42 Soria;1983;451
42 Soria;1982;409
42 Soria;1981;432
42 Soria;1980;461
42 Soria;1979;440
42 Soria;1978;467
42 Soria;1977;476
42 Soria;1976;444
42 Soria;1975;517
43 Tarragona;2020;1.726
43 Tarragona;2019;2.725
43 Tarragona;2018;2.633
43 Tarragona;2017;2.861
43 Tarragona;2016;2.948
43 Tarragona;2015;2.832
43 Tarragona;2014;2.705
43 Tarragona;2013;2.620
43 Tarragona;2012;2.783
43 Tarragona;2011;2.714
43 Tarragona;2010;2.955
43 Tarragona;2009;3.028
43 Tarragona;2008;3.454
43 Tarragona;2007;3.477
43 Tarragona;2006;3.508
43 Tarragona;2005;3.482
43 Tarragona;2004;3.662
43 Tarragona;2003;3.444
43 Tarragona;2002;3.265
43 Tarragona;2001;3.138
43 Tarragona;2000;3.190
43 Tarragona;1999;3.154
43 Tarragona;1998;3.114
43 Tarragona;1997;2.944
43 Tarragona;1996;2.893
43 Tarragona;1995;3.049
43 Tarragona;1994;2.880
43 Tarragona;1993;2.737
43 Tarragona;1992;3.073
43 Tarragona;1991;3.004
43 Tarragona;1990;3.051
43 Tarragona;1989;3.121
43 Tarragona;1988;3.042
43 Tarragona;1987;2.987
43 Tarragona;1986;2.869
43 Tarragona;1985;2.847
43 Tarragona;1984;2.839
43 Tarragona;1983;2.755
43 Tarragona;1982;2.847
43 Tarragona;1981;2.726
43 Tarragona;1980;3.136
43 Tarragona;1979;3.471
43 Tarragona;1978;3.837
43 Tarragona;1977;3.814
43 Tarragona;1976;3.702
43 Tarragona;1975;3.796
44 Teruel;2020;257
44 Teruel;2019;367
44 Teruel;2018;377
44 Teruel;2017;397
44 Teruel;2016;386
44 Teruel;2015;377
44 Teruel;2014;430
44 Teruel;2013;407
44 Teruel;2012;421
44 Teruel;2011;397
44 Teruel;2010;415
44 Teruel;2009;428
44 Teruel;2008;453
44 Teruel;2007;481
44 Teruel;2006;489
44 Teruel;2005;532
44 Teruel;2004;513
44 Teruel;2003;584
44 Teruel;2002;561
44 Teruel;2001;485
44 Teruel;2000;547
44 Teruel;1999;513
44 Teruel;1998;513
44 Teruel;1997;469
44 Teruel;1996;516
44 Teruel;1995;496
44 Teruel;1994;582
44 Teruel;1993;579
44 Teruel;1992;665
44 Teruel;1991;612
44 Teruel;1990;642
44 Teruel;1989;709
44 Teruel;1988;775
44 Teruel;1987;732
44 Teruel;1986;714
44 Teruel;1985;728
44 Teruel;1984;765
44 Teruel;1983;802
44 Teruel;1982;789
44 Teruel;1981;687
44 Teruel;1980;754
44 Teruel;1979;823
44 Teruel;1978;905
44 Teruel;1977;812
44 Teruel;1976;792
44 Teruel;1975;750
45 Toledo;2020;1.185
45 Toledo;2019;2.496
45 Toledo;2018;2.520
45 Toledo;2017;2.579
45 Toledo;2016;2.597
45 Toledo;2015;2.423
45 Toledo;2014;2.438
45 Toledo;2013;2.302
45 Toledo;2012;2.663
45 Toledo;2011;2.627
45 Toledo;2010;2.603
45 Toledo;2009;2.847
45 Toledo;2008;3.291
45 Toledo;2007;3.091
45 Toledo;2006;3.034
45 Toledo;2005;3.063
45 Toledo;2004;3.048
45 Toledo;2003;2.826
45 Toledo;2002;2.838
45 Toledo;2001;2.855
45 Toledo;2000;2.723
45 Toledo;1999;2.686
45 Toledo;1998;2.561
45 Toledo;1997;2.499
45 Toledo;1996;2.438
45 Toledo;1995;2.622
45 Toledo;1994;2.693
45 Toledo;1993;2.602
45 Toledo;1992;2.770
45 Toledo;1991;2.710
45 Toledo;1990;2.705
45 Toledo;1989;2.777
45 Toledo;1988;2.856
45 Toledo;1987;2.782
45 Toledo;1986;2.616
45 Toledo;1985;2.620
45 Toledo;1984;2.686
45 Toledo;1983;2.725
45 Toledo;1982;2.572
45 Toledo;1981;2.737
45 Toledo;1980;2.539
45 Toledo;1979;2.897
45 Toledo;1978;2.882
45 Toledo;1977;2.791
45 Toledo;1976;2.712
45 Toledo;1975;2.928
46 Valencia/València;2020;5.279
46 Valencia/València;2019;8.937
46 Valencia/València;2018;9.328
46 Valencia/València;2017;9.450
46 Valencia/València;2016;9.834
46 Valencia/València;2015;9.589
46 Valencia/València;2014;9.281
46 Valencia/València;2013;8.989
46 Valencia/València;2012;9.437
46 Valencia/València;2011;9.285
46 Valencia/València;2010;9.676
46 Valencia/València;2009;10.130
46 Valencia/València;2008;11.407
46 Valencia/València;2007;12.165
46 Valencia/València;2006;12.652
46 Valencia/València;2005;13.391
46 Valencia/València;2004;14.454
46 Valencia/València;2003;13.933
46 Valencia/València;2002;13.358
46 Valencia/València;2001;12.726
46 Valencia/València;2000;12.984
46 Valencia/València;1999;12.358
46 Valencia/València;1998;12.622
46 Valencia/València;1997;11.547
46 Valencia/València;1996;11.400
46 Valencia/València;1995;11.672
46 Valencia/València;1994;11.210
46 Valencia/València;1993;11.367
46 Valencia/València;1992;12.516
46 Valencia/València;1991;12.028
46 Valencia/València;1990;12.073
46 Valencia/València;1989;12.221
46 Valencia/València;1988;12.122
46 Valencia/València;1987;11.776
46 Valencia/València;1986;11.330
46 Valencia/València;1985;10.986
46 Valencia/València;1984;11.960
46 Valencia/València;1983;12.204
46 Valencia/València;1982;11.954
46 Valencia/València;1981;12.144
46 Valencia/València;1980;13.493
46 Valencia/València;1979;14.953
46 Valencia/València;1978;15.800
46 Valencia/València;1977;15.650
46 Valencia/València;1976;15.172
46 Valencia/València;1975;15.402
47 Valladolid;2020;751
47 Valladolid;2019;1.642
47 Valladolid;2018;1.642
47 Valladolid;2017;1.806
47 Valladolid;2016;1.764
47 Valladolid;2015;1.784
47 Valladolid;2014;1.805
47 Valladolid;2013;1.770
47 Valladolid;2012;1.975
47 Valladolid;2011;1.911
47 Valladolid;2010;1.999
47 Valladolid;2009;2.147
47 Valladolid;2008;2.342
47 Valladolid;2007;2.553
47 Valladolid;2006;2.504
47 Valladolid;2005;2.499
47 Valladolid;2004;2.585
47 Valladolid;2003;2.427
47 Valladolid;2002;2.496
47 Valladolid;2001;2.538
47 Valladolid;2000;2.563
47 Valladolid;1999;2.347
47 Valladolid;1998;2.260
47 Valladolid;1997;2.030
47 Valladolid;1996;2.145
47 Valladolid;1995;2.210
47 Valladolid;1994;2.207
47 Valladolid;1993;2.280
47 Valladolid;1992;2.489
47 Valladolid;1991;2.584
47 Valladolid;1990;2.565
47 Valladolid;1989;2.439
47 Valladolid;1988;2.239
47 Valladolid;1987;2.099
47 Valladolid;1986;1.118
47 Valladolid;1985;930
47 Valladolid;1984;1.361
47 Valladolid;1983;1.820
47 Valladolid;1982;980
47 Valladolid;1981;759
47 Valladolid;1980;1.025
47 Valladolid;1979;3.043
47 Valladolid;1978;3.240
47 Valladolid;1977;3.348
47 Valladolid;1976;3.222
47 Valladolid;1975;3.317
49 Zamora;2020;186
49 Zamora;2019;395
49 Zamora;2018;416
49 Zamora;2017;402
49 Zamora;2016;447
49 Zamora;2015;425
49 Zamora;2014;422
49 Zamora;2013;386
49 Zamora;2012;477
49 Zamora;2011;464
49 Zamora;2010;480
49 Zamora;2009;537
49 Zamora;2008;551
49 Zamora;2007;597
49 Zamora;2006;565
49 Zamora;2005;597
49 Zamora;2004;623
49 Zamora;2003;694
49 Zamora;2002;633
49 Zamora;2001;618
49 Zamora;2000;678
49 Zamora;1999;706
49 Zamora;1998;705
49 Zamora;1997;736
49 Zamora;1996;728
49 Zamora;1995;748
49 Zamora;1994;796
49 Zamora;1993;782
49 Zamora;1992;826
49 Zamora;1991;856
49 Zamora;1990;933
49 Zamora;1989;954
49 Zamora;1988;967
49 Zamora;1987;987
49 Zamora;1986;1.036
49 Zamora;1985;1.030
49 Zamora;1984;1.096
49 Zamora;1983;961
49 Zamora;1982;984
49 Zamora;1981;1.127
49 Zamora;1980;1.036
49 Zamora;1979;1.157
49 Zamora;1978;1.235
49 Zamora;1977;1.150
49 Zamora;1976;1.156
49 Zamora;1975;1.168
50 Zaragoza;2020;1.625
50 Zaragoza;2019;2.832
50 Zaragoza;2018;3.089
50 Zaragoza;2017;3.214
50 Zaragoza;2016;3.297
50 Zaragoza;2015;3.263
50 Zaragoza;2014;3.059
50 Zaragoza;2013;3.273
50 Zaragoza;2012;3.478
50 Zaragoza;2011;3.245
50 Zaragoza;2010;3.352
50 Zaragoza;2009;3.597
50 Zaragoza;2008;3.861
50 Zaragoza;2007;4.031
50 Zaragoza;2006;4.192
50 Zaragoza;2005;4.347
50 Zaragoza;2004;4.506
50 Zaragoza;2003;4.365
50 Zaragoza;2002;4.588
50 Zaragoza;2001;4.425
50 Zaragoza;2000;4.625
50 Zaragoza;1999;4.377
50 Zaragoza;1998;4.384
50 Zaragoza;1997;4.223
50 Zaragoza;1996;4.063
50 Zaragoza;1995;4.103
50 Zaragoza;1994;4.059
50 Zaragoza;1993;4.303
50 Zaragoza;1992;4.620
50 Zaragoza;1991;4.558
50 Zaragoza;1990;4.559
50 Zaragoza;1989;4.574
50 Zaragoza;1988;4.530
50 Zaragoza;1987;4.610
50 Zaragoza;1986;4.297
50 Zaragoza;1985;4.139
50 Zaragoza;1984;4.547
50 Zaragoza;1983;4.585
50 Zaragoza;1982;4.545
50 Zaragoza;1981;4.294
50 Zaragoza;1980;4.785
50 Zaragoza;1979;5.218
50 Zaragoza;1978;5.611
50 Zaragoza;1977;5.538
50 Zaragoza;1976;5.197
50 Zaragoza;1975;6.088
51 Ceuta;2020;253
51 Ceuta;2019;502
51 Ceuta;2018;429
51 Ceuta;2017;445
51 Ceuta;2016;494
51 Ceuta;2015;423
51 Ceuta;2014;394
51 Ceuta;2013;383
51 Ceuta;2012;407
51 Ceuta;2011;445
51 Ceuta;2010;397
51 Ceuta;2009;397
51 Ceuta;2008;366
51 Ceuta;2007;373
51 Ceuta;2006;325
51 Ceuta;2005;361
51 Ceuta;2004;374
51 Ceuta;2003;345
51 Ceuta;2002;330
51 Ceuta;2001;326
51 Ceuta;2000;322
51 Ceuta;1999;296
51 Ceuta;1998;314
51 Ceuta;1997;343
51 Ceuta;1996;351
51 Ceuta;1995;292
51 Ceuta;1994;304
51 Ceuta;1993;307
51 Ceuta;1992;350
51 Ceuta;1991;399
51 Ceuta;1990;386
51 Ceuta;1989;403
51 Ceuta;1988;486
51 Ceuta;1987;532
51 Ceuta;1986;408
51 Ceuta;1985;346
51 Ceuta;1984;380
51 Ceuta;1983;342
51 Ceuta;1982;341
51 Ceuta;1981;370
51 Ceuta;1980;323
51 Ceuta;1979;352
51 Ceuta;1978;379
51 Ceuta;1977;378
51 Ceuta;1976;421
51 Ceuta;1975;413
52 Melilla;2020;157
52 Melilla;2019;306
52 Melilla;2018;313
52 Melilla;2017;362
52 Melilla;2016;395
52 Melilla;2015;288
52 Melilla;2014;319
52 Melilla;2013;311
52 Melilla;2012;381
52 Melilla;2011;323
52 Melilla;2010;444
52 Melilla;2009;409
52 Melilla;2008;470
52 Melilla;2007;525
52 Melilla;2006;399
52 Melilla;2005;323
52 Melilla;2004;407
52 Melilla;2003;447
52 Melilla;2002;402
52 Melilla;2001;435
52 Melilla;2000;546
52 Melilla;1999;546
52 Melilla;1998;451
52 Melilla;1997;427
52 Melilla;1996;404
52 Melilla;1995;401
52 Melilla;1994;413
52 Melilla;1993;430
52 Melilla;1992;420
52 Melilla;1991;395
52 Melilla;1990;370
52 Melilla;1989;401
52 Melilla;1988;303
52 Melilla;1987;422
52 Melilla;1986;428
52 Melilla;1985;373
52 Melilla;1984;333
52 Melilla;1983;353
52 Melilla;1982;370
52 Melilla;1981;339
52 Melilla;1980;308
52 Melilla;1979;318
52 Melilla;1978;322
52 Melilla;1977;300
52 Melilla;1976;312
52 Melilla;1975;269
No residente;2020;373
No residente;2019;1.325
No residente;2018;2.044
No residente;2017;2.259
No residente;2016;2.258
No residente;2015;2.217
No residente;2014;2.245
No residente;2013;1.942
No residente;2012;1.928
No residente;2011;1.578
No residente;2010;1.606
No residente;2009;1.705
No residente;2008;1.899
No residente;2007;1.919
No residente;2006;1.887
No residente;2005;1.714
No residente;2004;1.840
No residente;2003;1.823
No residente;2002;1.972
No residente;2001;1.791
No residente;2000;1.942
No residente;1999;1.826
No residente;1998;1.907
No residente;1997;1.834
No residente;1996;1.722
No residente;1995;1.740
No residente;1994;1.723
No residente;1993;1.477
No residente;1992;1.421
No residente;1991;1.387
No residente;1990;1.448
No residente;1989;1.386
No residente;1988;1.430
No residente;1987;1.213
No residente;1986;1.020
No residente;1985;971
No residente;1984;957
No residente;1983;669
No residente;1982;852
No residente;1981;1.013
No residente;1980;929
No residente;1979;1.182
No residente;1978;1.308
No residente;1977;1.403
No residente;1976;1.582
No residente;1975;1.826
