Sexo;Edad;Estado civil;Periodo;Total
Ambos sexos;Total;Total;2022T2;39.833,1
Ambos sexos;Total;Total;2022T1;39.761,6
Ambos sexos;Total;Total;2021T4;39.707,0
Ambos sexos;Total;Total;2021T3;39.649,3
Ambos sexos;Total;Total;2021T2;39.633,1
Ambos sexos;Total;Total;2021T1;39.627,4
Ambos sexos;Total;Total;2020T4;39.635,5
Ambos sexos;Total;Total;2020T3;39.595,8
Ambos sexos;Total;Total;2020T2;39.563,9
Ambos sexos;Total;Total;2020T1;39.520,1
Ambos sexos;Total;Total;2019T4;39.427,2
Ambos sexos;Total;Total;2019T3;39.322,0
Ambos sexos;Total;Total;2019T2;39.213,1
Ambos sexos;Total;Total;2019T1;39.114,7
Ambos sexos;Total;Total;2018T4;39.019,5
Ambos sexos;Total;Total;2018T3;38.912,4
Ambos sexos;Total;Total;2018T2;38.835,4
Ambos sexos;Total;Total;2018T1;38.779,8
Ambos sexos;Total;Total;2017T4;38.716,6
Ambos sexos;Total;Total;2017T3;38.662,7
Ambos sexos;Total;Total;2017T2;38.629,1
Ambos sexos;Total;Total;2017T1;38.608,0
Ambos sexos;Total;Total;2016T4;38.584,9
Ambos sexos;Total;Total;2016T3;38.543,6
Ambos sexos;Total;Total;2016T2;38.505,7
Ambos sexos;Total;Total;2016T1;38.491,9
Ambos sexos;Total;Total;2015T4;38.489,6
Ambos sexos;Total;Total;2015T3;38.486,8
Ambos sexos;Total;Total;2015T2;38.496,6
Ambos sexos;Total;Total;2015T1;38.517,2
Ambos sexos;Total;Total;2014T4;38.523,4
Ambos sexos;Total;Total;2014T3;38.523,2
Ambos sexos;Total;Total;2014T2;38.528,1
Ambos sexos;Total;Total;2014T1;38.483,6
Ambos sexos;Total;Total;2013T4;38.543,2
Ambos sexos;Total;Total;2013T3;38.597,3
Ambos sexos;Total;Total;2013T2;38.680,7
Ambos sexos;Total;Total;2013T1;38.733,2
Ambos sexos;Total;Total;2012T4;38.783,1
Ambos sexos;Total;Total;2012T3;38.799,1
Ambos sexos;Total;Total;2012T2;38.823,6
Ambos sexos;Total;Total;2012T1;38.854,2
Ambos sexos;Total;Total;2011T4;38.881,9
Ambos sexos;Total;Total;2011T3;38.851,6
Ambos sexos;Total;Total;2011T2;38.827,1
Ambos sexos;Total;Total;2011T1;38.808,7
Ambos sexos;Total;Total;2010T4;38.801,8
Ambos sexos;Total;Total;2010T3;38.768,7
Ambos sexos;Total;Total;2010T2;38.745,0
Ambos sexos;Total;Total;2010T1;38.725,0
Ambos sexos;Total;Total;2009T4;38.713,0
Ambos sexos;Total;Total;2009T3;38.670,1
Ambos sexos;Total;Total;2009T2;38.631,4
Ambos sexos;Total;Total;2009T1;38.589,3
Ambos sexos;Total;Total;2008T4;38.546,6
Ambos sexos;Total;Total;2008T3;38.447,8
Ambos sexos;Total;Total;2008T2;38.341,7
Ambos sexos;Total;Total;2008T1;38.224,5
Ambos sexos;Total;Total;2007T4;38.101,1
Ambos sexos;Total;Total;2007T3;37.916,4
Ambos sexos;Total;Total;2007T2;37.743,9
Ambos sexos;Total;Total;2007T1;37.570,9
Ambos sexos;Total;Total;2006T4;37.388,6
Ambos sexos;Total;Total;2006T3;37.209,5
Ambos sexos;Total;Total;2006T2;37.055,7
Ambos sexos;Total;Total;2006T1;36.917,5
Ambos sexos;Total;Total;2005T4;36.796,4
Ambos sexos;Total;Total;2005T3;36.650,6
Ambos sexos;Total;Total;2005T2;36.519,2
Ambos sexos;Total;Total;2005T1;36.351,4
Ambos sexos;Total;Total;2004T4;36.184,3
Ambos sexos;Total;Total;2004T3;35.987,6
Ambos sexos;Total;Total;2004T2;35.838,4
Ambos sexos;Total;Total;2004T1;35.704,9
Ambos sexos;Total;Total;2003T4;35.582,9
Ambos sexos;Total;Total;2003T3;35.430,7
Ambos sexos;Total;Total;2003T2;35.288,6
Ambos sexos;Total;Total;2003T1;35.134,1
Ambos sexos;Total;Total;2002T4;34.982,4
Ambos sexos;Total;Total;2002T3;34.804,8
Ambos sexos;Total;Total;2002T2;34.639,4
Ambos sexos;Total;Total;2002T1;34.470,6
Ambos sexos;Total;Solteros/Solteras;2022T2;14.388,9
Ambos sexos;Total;Solteros/Solteras;2022T1;14.321,4
Ambos sexos;Total;Solteros/Solteras;2021T4;14.154,9
Ambos sexos;Total;Solteros/Solteras;2021T3;14.115,3
Ambos sexos;Total;Solteros/Solteras;2021T2;14.070,0
Ambos sexos;Total;Solteros/Solteras;2021T1;13.998,9
Ambos sexos;Total;Solteros/Solteras;2020T4;13.880,7
Ambos sexos;Total;Solteros/Solteras;2020T3;13.829,4
Ambos sexos;Total;Solteros/Solteras;2020T2;13.818,1
Ambos sexos;Total;Solteros/Solteras;2020T1;13.688,2
Ambos sexos;Total;Solteros/Solteras;2019T4;13.601,4
Ambos sexos;Total;Solteros/Solteras;2019T3;13.449,5
Ambos sexos;Total;Solteros/Solteras;2019T2;13.323,4
Ambos sexos;Total;Solteros/Solteras;2019T1;13.223,9
Ambos sexos;Total;Solteros/Solteras;2018T4;13.105,6
Ambos sexos;Total;Solteros/Solteras;2018T3;13.082,1
Ambos sexos;Total;Solteros/Solteras;2018T2;13.016,6
Ambos sexos;Total;Solteros/Solteras;2018T1;12.948,7
Ambos sexos;Total;Solteros/Solteras;2017T4;12.886,4
Ambos sexos;Total;Solteros/Solteras;2017T3;12.861,3
Ambos sexos;Total;Solteros/Solteras;2017T2;12.866,1
Ambos sexos;Total;Solteros/Solteras;2017T1;12.844,3
Ambos sexos;Total;Solteros/Solteras;2016T4;12.779,4
Ambos sexos;Total;Solteros/Solteras;2016T3;12.754,6
Ambos sexos;Total;Solteros/Solteras;2016T2;12.831,1
Ambos sexos;Total;Solteros/Solteras;2016T1;12.778,4
Ambos sexos;Total;Solteros/Solteras;2015T4;12.754,3
Ambos sexos;Total;Solteros/Solteras;2015T3;12.764,5
Ambos sexos;Total;Solteros/Solteras;2015T2;12.688,3
Ambos sexos;Total;Solteros/Solteras;2015T1;12.710,2
Ambos sexos;Total;Solteros/Solteras;2014T4;12.643,6
Ambos sexos;Total;Solteros/Solteras;2014T3;12.642,6
Ambos sexos;Total;Solteros/Solteras;2014T2;12.626,7
Ambos sexos;Total;Solteros/Solteras;2014T1;12.570,3
Ambos sexos;Total;Solteros/Solteras;2013T4;12.604,4
Ambos sexos;Total;Solteros/Solteras;2013T3;12.677,5
Ambos sexos;Total;Solteros/Solteras;2013T2;12.742,7
Ambos sexos;Total;Solteros/Solteras;2013T1;12.696,4
Ambos sexos;Total;Solteros/Solteras;2012T4;12.651,5
Ambos sexos;Total;Solteros/Solteras;2012T3;12.646,5
Ambos sexos;Total;Solteros/Solteras;2012T2;12.645,6
Ambos sexos;Total;Solteros/Solteras;2012T1;12.621,1
Ambos sexos;Total;Solteros/Solteras;2011T4;12.587,3
Ambos sexos;Total;Solteros/Solteras;2011T3;12.586,9
Ambos sexos;Total;Solteros/Solteras;2011T2;12.628,4
Ambos sexos;Total;Solteros/Solteras;2011T1;12.590,7
Ambos sexos;Total;Solteros/Solteras;2010T4;12.543,1
Ambos sexos;Total;Solteros/Solteras;2010T3;12.584,5
Ambos sexos;Total;Solteros/Solteras;2010T2;12.659,5
Ambos sexos;Total;Solteros/Solteras;2010T1;12.639,6
Ambos sexos;Total;Solteros/Solteras;2009T4;12.613,4
Ambos sexos;Total;Solteros/Solteras;2009T3;12.641,1
Ambos sexos;Total;Solteros/Solteras;2009T2;12.622,2
Ambos sexos;Total;Solteros/Solteras;2009T1;12.626,9
Ambos sexos;Total;Solteros/Solteras;2008T4;12.556,7
Ambos sexos;Total;Solteros/Solteras;2008T3;12.547,1
Ambos sexos;Total;Solteros/Solteras;2008T2;12.575,0
Ambos sexos;Total;Solteros/Solteras;2008T1;12.504,2
Ambos sexos;Total;Solteros/Solteras;2007T4;12.467,2
Ambos sexos;Total;Solteros/Solteras;2007T3;12.427,7
Ambos sexos;Total;Solteros/Solteras;2007T2;12.362,7
Ambos sexos;Total;Solteros/Solteras;2007T1;12.375,3
Ambos sexos;Total;Solteros/Solteras;2006T4;12.264,7
Ambos sexos;Total;Solteros/Solteras;2006T3;12.263,5
Ambos sexos;Total;Solteros/Solteras;2006T2;12.240,7
Ambos sexos;Total;Solteros/Solteras;2006T1;12.073,6
Ambos sexos;Total;Solteros/Solteras;2005T4;11.989,0
Ambos sexos;Total;Solteros/Solteras;2005T3;12.034,2
Ambos sexos;Total;Solteros/Solteras;2005T2;11.974,5
Ambos sexos;Total;Solteros/Solteras;2005T1;11.830,6
Ambos sexos;Total;Solteros/Solteras;2004T4;11.604,9
Ambos sexos;Total;Solteros/Solteras;2004T3;11.598,9
Ambos sexos;Total;Solteros/Solteras;2004T2;11.650,0
Ambos sexos;Total;Solteros/Solteras;2004T1;11.576,6
Ambos sexos;Total;Solteros/Solteras;2003T4;11.553,8
Ambos sexos;Total;Solteros/Solteras;2003T3;11.565,5
Ambos sexos;Total;Solteros/Solteras;2003T2;11.465,6
Ambos sexos;Total;Solteros/Solteras;2003T1;11.452,1
Ambos sexos;Total;Solteros/Solteras;2002T4;11.383,8
Ambos sexos;Total;Solteros/Solteras;2002T3;11.348,5
Ambos sexos;Total;Solteros/Solteras;2002T2;11.298,5
Ambos sexos;Total;Solteros/Solteras;2002T1;11.167,0
Ambos sexos;Total;Casados/Casadas;2022T2;19.793,0
Ambos sexos;Total;Casados/Casadas;2022T1;19.757,7
Ambos sexos;Total;Casados/Casadas;2021T4;19.868,3
Ambos sexos;Total;Casados/Casadas;2021T3;19.900,2
Ambos sexos;Total;Casados/Casadas;2021T2;19.903,1
Ambos sexos;Total;Casados/Casadas;2021T1;20.026,1
Ambos sexos;Total;Casados/Casadas;2020T4;20.161,6
Ambos sexos;Total;Casados/Casadas;2020T3;20.219,8
Ambos sexos;Total;Casados/Casadas;2020T2;20.281,9
Ambos sexos;Total;Casados/Casadas;2020T1;20.349,4
Ambos sexos;Total;Casados/Casadas;2019T4;20.330,7
Ambos sexos;Total;Casados/Casadas;2019T3;20.424,6
Ambos sexos;Total;Casados/Casadas;2019T2;20.434,7
Ambos sexos;Total;Casados/Casadas;2019T1;20.437,7
Ambos sexos;Total;Casados/Casadas;2018T4;20.404,1
Ambos sexos;Total;Casados/Casadas;2018T3;20.291,4
Ambos sexos;Total;Casados/Casadas;2018T2;20.316,6
Ambos sexos;Total;Casados/Casadas;2018T1;20.353,3
Ambos sexos;Total;Casados/Casadas;2017T4;20.350,9
Ambos sexos;Total;Casados/Casadas;2017T3;20.314,4
Ambos sexos;Total;Casados/Casadas;2017T2;20.285,6
Ambos sexos;Total;Casados/Casadas;2017T1;20.318,6
Ambos sexos;Total;Casados/Casadas;2016T4;20.366,8
Ambos sexos;Total;Casados/Casadas;2016T3;20.352,6
Ambos sexos;Total;Casados/Casadas;2016T2;20.257,0
Ambos sexos;Total;Casados/Casadas;2016T1;20.322,1
Ambos sexos;Total;Casados/Casadas;2015T4;20.334,0
Ambos sexos;Total;Casados/Casadas;2015T3;20.330,5
Ambos sexos;Total;Casados/Casadas;2015T2;20.459,8
Ambos sexos;Total;Casados/Casadas;2015T1;20.473,2
Ambos sexos;Total;Casados/Casadas;2014T4;20.563,3
Ambos sexos;Total;Casados/Casadas;2014T3;20.524,5
Ambos sexos;Total;Casados/Casadas;2014T2;20.524,1
Ambos sexos;Total;Casados/Casadas;2014T1;20.569,7
Ambos sexos;Total;Casados/Casadas;2013T4;20.592,1
Ambos sexos;Total;Casados/Casadas;2013T3;20.562,3
Ambos sexos;Total;Casados/Casadas;2013T2;20.666,8
Ambos sexos;Total;Casados/Casadas;2013T1;20.824,3
Ambos sexos;Total;Casados/Casadas;2012T4;20.992,5
Ambos sexos;Total;Casados/Casadas;2012T3;21.042,7
Ambos sexos;Total;Casados/Casadas;2012T2;21.104,9
Ambos sexos;Total;Casados/Casadas;2012T1;21.172,7
Ambos sexos;Total;Casados/Casadas;2011T4;21.208,6
Ambos sexos;Total;Casados/Casadas;2011T3;21.227,1
Ambos sexos;Total;Casados/Casadas;2011T2;21.238,1
Ambos sexos;Total;Casados/Casadas;2011T1;21.284,3
Ambos sexos;Total;Casados/Casadas;2010T4;21.365,2
Ambos sexos;Total;Casados/Casadas;2010T3;21.298,2
Ambos sexos;Total;Casados/Casadas;2010T2;21.210,1
Ambos sexos;Total;Casados/Casadas;2010T1;21.230,4
Ambos sexos;Total;Casados/Casadas;2009T4;21.278,7
Ambos sexos;Total;Casados/Casadas;2009T3;21.207,0
Ambos sexos;Total;Casados/Casadas;2009T2;21.222,4
Ambos sexos;Total;Casados/Casadas;2009T1;21.219,2
Ambos sexos;Total;Casados/Casadas;2008T4;21.280,2
Ambos sexos;Total;Casados/Casadas;2008T3;21.209,6
Ambos sexos;Total;Casados/Casadas;2008T2;21.091,8
Ambos sexos;Total;Casados/Casadas;2008T1;21.051,0
Ambos sexos;Total;Casados/Casadas;2007T4;20.966,9
Ambos sexos;Total;Casados/Casadas;2007T3;20.834,5
Ambos sexos;Total;Casados/Casadas;2007T2;20.763,1
Ambos sexos;Total;Casados/Casadas;2007T1;20.637,2
Ambos sexos;Total;Casados/Casadas;2006T4;20.636,0
Ambos sexos;Total;Casados/Casadas;2006T3;20.481,2
Ambos sexos;Total;Casados/Casadas;2006T2;20.363,1
Ambos sexos;Total;Casados/Casadas;2006T1;20.388,0
Ambos sexos;Total;Casados/Casadas;2005T4;20.455,7
Ambos sexos;Total;Casados/Casadas;2005T3;20.244,3
Ambos sexos;Total;Casados/Casadas;2005T2;20.158,4
Ambos sexos;Total;Casados/Casadas;2005T1;20.182,3
Ambos sexos;Total;Casados/Casadas;2004T4;20.436,1
Ambos sexos;Total;Casados/Casadas;2004T3;20.270,7
Ambos sexos;Total;Casados/Casadas;2004T2;20.111,5
Ambos sexos;Total;Casados/Casadas;2004T1;20.106,8
Ambos sexos;Total;Casados/Casadas;2003T4;20.016,2
Ambos sexos;Total;Casados/Casadas;2003T3;19.860,7
Ambos sexos;Total;Casados/Casadas;2003T2;19.868,8
Ambos sexos;Total;Casados/Casadas;2003T1;19.728,5
Ambos sexos;Total;Casados/Casadas;2002T4;19.654,1
Ambos sexos;Total;Casados/Casadas;2002T3;19.523,4
Ambos sexos;Total;Casados/Casadas;2002T2;19.463,6
Ambos sexos;Total;Casados/Casadas;2002T1;19.442,9
Ambos sexos;Total;Viudos/Viudas;2022T2;2.885,7
Ambos sexos;Total;Viudos/Viudas;2022T1;2.883,4
Ambos sexos;Total;Viudos/Viudas;2021T4;2.918,0
Ambos sexos;Total;Viudos/Viudas;2021T3;2.859,9
Ambos sexos;Total;Viudos/Viudas;2021T2;2.867,6
Ambos sexos;Total;Viudos/Viudas;2021T1;2.839,8
Ambos sexos;Total;Viudos/Viudas;2020T4;2.917,8
Ambos sexos;Total;Viudos/Viudas;2020T3;2.882,6
Ambos sexos;Total;Viudos/Viudas;2020T2;2.894,9
Ambos sexos;Total;Viudos/Viudas;2020T1;2.922,9
Ambos sexos;Total;Viudos/Viudas;2019T4;2.920,8
Ambos sexos;Total;Viudos/Viudas;2019T3;2.912,0
Ambos sexos;Total;Viudos/Viudas;2019T2;2.906,9
Ambos sexos;Total;Viudos/Viudas;2019T1;2.912,7
Ambos sexos;Total;Viudos/Viudas;2018T4;2.937,8
Ambos sexos;Total;Viudos/Viudas;2018T3;2.964,0
Ambos sexos;Total;Viudos/Viudas;2018T2;2.968,1
Ambos sexos;Total;Viudos/Viudas;2018T1;2.978,1
Ambos sexos;Total;Viudos/Viudas;2017T4;3.014,3
Ambos sexos;Total;Viudos/Viudas;2017T3;3.002,8
Ambos sexos;Total;Viudos/Viudas;2017T2;2.997,2
Ambos sexos;Total;Viudos/Viudas;2017T1;2.986,4
Ambos sexos;Total;Viudos/Viudas;2016T4;3.012,8
Ambos sexos;Total;Viudos/Viudas;2016T3;3.008,4
Ambos sexos;Total;Viudos/Viudas;2016T2;2.993,2
Ambos sexos;Total;Viudos/Viudas;2016T1;2.983,8
Ambos sexos;Total;Viudos/Viudas;2015T4;3.023,5
Ambos sexos;Total;Viudos/Viudas;2015T3;3.016,7
Ambos sexos;Total;Viudos/Viudas;2015T2;3.007,7
Ambos sexos;Total;Viudos/Viudas;2015T1;2.983,7
Ambos sexos;Total;Viudos/Viudas;2014T4;2.973,2
Ambos sexos;Total;Viudos/Viudas;2014T3;2.990,3
Ambos sexos;Total;Viudos/Viudas;2014T2;2.994,6
Ambos sexos;Total;Viudos/Viudas;2014T1;2.989,0
Ambos sexos;Total;Viudos/Viudas;2013T4;3.028,3
Ambos sexos;Total;Viudos/Viudas;2013T3;3.073,3
Ambos sexos;Total;Viudos/Viudas;2013T2;3.044,0
Ambos sexos;Total;Viudos/Viudas;2013T1;3.029,5
Ambos sexos;Total;Viudos/Viudas;2012T4;3.000,4
Ambos sexos;Total;Viudos/Viudas;2012T3;2.987,4
Ambos sexos;Total;Viudos/Viudas;2012T2;2.952,7
Ambos sexos;Total;Viudos/Viudas;2012T1;2.971,5
Ambos sexos;Total;Viudos/Viudas;2011T4;2.974,8
Ambos sexos;Total;Viudos/Viudas;2011T3;2.942,8
Ambos sexos;Total;Viudos/Viudas;2011T2;2.934,6
Ambos sexos;Total;Viudos/Viudas;2011T1;2.983,0
Ambos sexos;Total;Viudos/Viudas;2010T4;2.991,5
Ambos sexos;Total;Viudos/Viudas;2010T3;3.011,7
Ambos sexos;Total;Viudos/Viudas;2010T2;3.020,2
Ambos sexos;Total;Viudos/Viudas;2010T1;2.998,3
Ambos sexos;Total;Viudos/Viudas;2009T4;3.003,1
Ambos sexos;Total;Viudos/Viudas;2009T3;2.995,0
Ambos sexos;Total;Viudos/Viudas;2009T2;2.972,3
Ambos sexos;Total;Viudos/Viudas;2009T1;2.951,8
Ambos sexos;Total;Viudos/Viudas;2008T4;2.966,5
Ambos sexos;Total;Viudos/Viudas;2008T3;2.965,5
Ambos sexos;Total;Viudos/Viudas;2008T2;2.951,6
Ambos sexos;Total;Viudos/Viudas;2008T1;2.954,1
Ambos sexos;Total;Viudos/Viudas;2007T4;2.955,0
Ambos sexos;Total;Viudos/Viudas;2007T3;2.986,1
Ambos sexos;Total;Viudos/Viudas;2007T2;2.992,8
Ambos sexos;Total;Viudos/Viudas;2007T1;2.972,6
Ambos sexos;Total;Viudos/Viudas;2006T4;2.941,7
Ambos sexos;Total;Viudos/Viudas;2006T3;2.963,4
Ambos sexos;Total;Viudos/Viudas;2006T2;2.954,3
Ambos sexos;Total;Viudos/Viudas;2006T1;2.945,0
Ambos sexos;Total;Viudos/Viudas;2005T4;2.911,7
Ambos sexos;Total;Viudos/Viudas;2005T3;2.933,6
Ambos sexos;Total;Viudos/Viudas;2005T2;2.964,2
Ambos sexos;Total;Viudos/Viudas;2005T1;2.945,8
Ambos sexos;Total;Viudos/Viudas;2004T4;2.960,1
Ambos sexos;Total;Viudos/Viudas;2004T3;2.942,0
Ambos sexos;Total;Viudos/Viudas;2004T2;2.923,2
Ambos sexos;Total;Viudos/Viudas;2004T1;2.866,1
Ambos sexos;Total;Viudos/Viudas;2003T4;2.888,1
Ambos sexos;Total;Viudos/Viudas;2003T3;2.908,8
Ambos sexos;Total;Viudos/Viudas;2003T2;2.886,6
Ambos sexos;Total;Viudos/Viudas;2003T1;2.890,8
Ambos sexos;Total;Viudos/Viudas;2002T4;2.891,4
Ambos sexos;Total;Viudos/Viudas;2002T3;2.907,4
Ambos sexos;Total;Viudos/Viudas;2002T2;2.895,7
Ambos sexos;Total;Viudos/Viudas;2002T1;2.899,0
Ambos sexos;Total;Separados/Separadas o Divorciados/Divorciadas;2022T2;2.765,5
Ambos sexos;Total;Separados/Separadas o Divorciados/Divorciadas;2022T1;2.799,0
Ambos sexos;Total;Separados/Separadas o Divorciados/Divorciadas;2021T4;2.765,7
Ambos sexos;Total;Separados/Separadas o Divorciados/Divorciadas;2021T3;2.773,9
Ambos sexos;Total;Separados/Separadas o Divorciados/Divorciadas;2021T2;2.792,5
Ambos sexos;Total;Separados/Separadas o Divorciados/Divorciadas;2021T1;2.762,7
Ambos sexos;Total;Separados/Separadas o Divorciados/Divorciadas;2020T4;2.675,4
Ambos sexos;Total;Separados/Separadas o Divorciados/Divorciadas;2020T3;2.663,9
Ambos sexos;Total;Separados/Separadas o Divorciados/Divorciadas;2020T2;2.568,9
Ambos sexos;Total;Separados/Separadas o Divorciados/Divorciadas;2020T1;2.559,6
Ambos sexos;Total;Separados/Separadas o Divorciados/Divorciadas;2019T4;2.574,3
Ambos sexos;Total;Separados/Separadas o Divorciados/Divorciadas;2019T3;2.535,9
Ambos sexos;Total;Separados/Separadas o Divorciados/Divorciadas;2019T2;2.548,2
Ambos sexos;Total;Separados/Separadas o Divorciados/Divorciadas;2019T1;2.540,4
Ambos sexos;Total;Separados/Separadas o Divorciados/Divorciadas;2018T4;2.572,0
Ambos sexos;Total;Separados/Separadas o Divorciados/Divorciadas;2018T3;2.574,9
Ambos sexos;Total;Separados/Separadas o Divorciados/Divorciadas;2018T2;2.534,0
Ambos sexos;Total;Separados/Separadas o Divorciados/Divorciadas;2018T1;2.499,8
Ambos sexos;Total;Separados/Separadas o Divorciados/Divorciadas;2017T4;2.465,0
Ambos sexos;Total;Separados/Separadas o Divorciados/Divorciadas;2017T3;2.484,2
Ambos sexos;Total;Separados/Separadas o Divorciados/Divorciadas;2017T2;2.480,2
Ambos sexos;Total;Separados/Separadas o Divorciados/Divorciadas;2017T1;2.458,7
Ambos sexos;Total;Separados/Separadas o Divorciados/Divorciadas;2016T4;2.425,9
Ambos sexos;Total;Separados/Separadas o Divorciados/Divorciadas;2016T3;2.428,0
Ambos sexos;Total;Separados/Separadas o Divorciados/Divorciadas;2016T2;2.424,3
Ambos sexos;Total;Separados/Separadas o Divorciados/Divorciadas;2016T1;2.407,5
Ambos sexos;Total;Separados/Separadas o Divorciados/Divorciadas;2015T4;2.377,8
Ambos sexos;Total;Separados/Separadas o Divorciados/Divorciadas;2015T3;2.375,1
Ambos sexos;Total;Separados/Separadas o Divorciados/Divorciadas;2015T2;2.340,8
Ambos sexos;Total;Separados/Separadas o Divorciados/Divorciadas;2015T1;2.350,1
Ambos sexos;Total;Separados/Separadas o Divorciados/Divorciadas;2014T4;2.343,4
Ambos sexos;Total;Separados/Separadas o Divorciados/Divorciadas;2014T3;2.365,8
Ambos sexos;Total;Separados/Separadas o Divorciados/Divorciadas;2014T2;2.382,7
Ambos sexos;Total;Separados/Separadas o Divorciados/Divorciadas;2014T1;2.354,6
Ambos sexos;Total;Separados/Separadas o Divorciados/Divorciadas;2013T4;2.318,5
Ambos sexos;Total;Separados/Separadas o Divorciados/Divorciadas;2013T3;2.284,2
Ambos sexos;Total;Separados/Separadas o Divorciados/Divorciadas;2013T2;2.227,2
Ambos sexos;Total;Separados/Separadas o Divorciados/Divorciadas;2013T1;2.183,0
Ambos sexos;Total;Separados/Separadas o Divorciados/Divorciadas;2012T4;2.138,7
Ambos sexos;Total;Separados/Separadas o Divorciados/Divorciadas;2012T3;2.122,5
Ambos sexos;Total;Separados/Separadas o Divorciados/Divorciadas;2012T2;2.120,3
Ambos sexos;Total;Separados/Separadas o Divorciados/Divorciadas;2012T1;2.088,8
Ambos sexos;Total;Separados/Separadas o Divorciados/Divorciadas;2011T4;2.111,2
Ambos sexos;Total;Separados/Separadas o Divorciados/Divorciadas;2011T3;2.094,8
Ambos sexos;Total;Separados/Separadas o Divorciados/Divorciadas;2011T2;2.026,0
Ambos sexos;Total;Separados/Separadas o Divorciados/Divorciadas;2011T1;1.950,8
Ambos sexos;Total;Separados/Separadas o Divorciados/Divorciadas;2010T4;1.902,1
Ambos sexos;Total;Separados/Separadas o Divorciados/Divorciadas;2010T3;1.874,3
Ambos sexos;Total;Separados/Separadas o Divorciados/Divorciadas;2010T2;1.855,2
Ambos sexos;Total;Separados/Separadas o Divorciados/Divorciadas;2010T1;1.856,6
Ambos sexos;Total;Separados/Separadas o Divorciados/Divorciadas;2009T4;1.817,7
Ambos sexos;Total;Separados/Separadas o Divorciados/Divorciadas;2009T3;1.826,9
Ambos sexos;Total;Separados/Separadas o Divorciados/Divorciadas;2009T2;1.814,5
Ambos sexos;Total;Separados/Separadas o Divorciados/Divorciadas;2009T1;1.791,4
Ambos sexos;Total;Separados/Separadas o Divorciados/Divorciadas;2008T4;1.743,1
Ambos sexos;Total;Separados/Separadas o Divorciados/Divorciadas;2008T3;1.725,6
Ambos sexos;Total;Separados/Separadas o Divorciados/Divorciadas;2008T2;1.723,3
Ambos sexos;Total;Separados/Separadas o Divorciados/Divorciadas;2008T1;1.715,2
Ambos sexos;Total;Separados/Separadas o Divorciados/Divorciadas;2007T4;1.712,1
Ambos sexos;Total;Separados/Separadas o Divorciados/Divorciadas;2007T3;1.668,2
Ambos sexos;Total;Separados/Separadas o Divorciados/Divorciadas;2007T2;1.625,3
Ambos sexos;Total;Separados/Separadas o Divorciados/Divorciadas;2007T1;1.585,8
Ambos sexos;Total;Separados/Separadas o Divorciados/Divorciadas;2006T4;1.546,3
Ambos sexos;Total;Separados/Separadas o Divorciados/Divorciadas;2006T3;1.501,4
Ambos sexos;Total;Separados/Separadas o Divorciados/Divorciadas;2006T2;1.497,6
Ambos sexos;Total;Separados/Separadas o Divorciados/Divorciadas;2006T1;1.510,8
Ambos sexos;Total;Separados/Separadas o Divorciados/Divorciadas;2005T4;1.439,9
Ambos sexos;Total;Separados/Separadas o Divorciados/Divorciadas;2005T3;1.438,4
Ambos sexos;Total;Separados/Separadas o Divorciados/Divorciadas;2005T2;1.422,1
Ambos sexos;Total;Separados/Separadas o Divorciados/Divorciadas;2005T1;1.392,8
Ambos sexos;Total;Separados/Separadas o Divorciados/Divorciadas;2004T4;1.183,2
Ambos sexos;Total;Separados/Separadas o Divorciados/Divorciadas;2004T3;1.176,0
Ambos sexos;Total;Separados/Separadas o Divorciados/Divorciadas;2004T2;1.153,8
Ambos sexos;Total;Separados/Separadas o Divorciados/Divorciadas;2004T1;1.155,3
Ambos sexos;Total;Separados/Separadas o Divorciados/Divorciadas;2003T4;1.124,8
Ambos sexos;Total;Separados/Separadas o Divorciados/Divorciadas;2003T3;1.095,6
Ambos sexos;Total;Separados/Separadas o Divorciados/Divorciadas;2003T2;1.067,6
Ambos sexos;Total;Separados/Separadas o Divorciados/Divorciadas;2003T1;1.062,7
Ambos sexos;Total;Separados/Separadas o Divorciados/Divorciadas;2002T4;1.053,2
Ambos sexos;Total;Separados/Separadas o Divorciados/Divorciadas;2002T3;1.025,4
Ambos sexos;Total;Separados/Separadas o Divorciados/Divorciadas;2002T2;981,6
Ambos sexos;Total;Separados/Separadas o Divorciados/Divorciadas;2002T1;961,7
Hombres;Total;Total;2022T2;19.350,1
Hombres;Total;Total;2022T1;19.311,9
Hombres;Total;Total;2021T4;19.292,6
Hombres;Total;Total;2021T3;19.267,3
Hombres;Total;Total;2021T2;19.260,0
Hombres;Total;Total;2021T1;19.263,1
Hombres;Total;Total;2020T4;19.269,2
Hombres;Total;Total;2020T3;19.250,0
Hombres;Total;Total;2020T2;19.234,6
Hombres;Total;Total;2020T1;19.213,9
Hombres;Total;Total;2019T4;19.170,2
Hombres;Total;Total;2019T3;19.121,4
Hombres;Total;Total;2019T2;19.068,0
Hombres;Total;Total;2019T1;19.018,2
Hombres;Total;Total;2018T4;18.971,5
Hombres;Total;Total;2018T3;18.920,1
Hombres;Total;Total;2018T2;18.884,1
Hombres;Total;Total;2018T1;18.859,5
Hombres;Total;Total;2017T4;18.830,9
Hombres;Total;Total;2017T3;18.806,0
Hombres;Total;Total;2017T2;18.791,1
Hombres;Total;Total;2017T1;18.784,3
Hombres;Total;Total;2016T4;18.777,3
Hombres;Total;Total;2016T3;18.759,7
Hombres;Total;Total;2016T2;18.741,7
Hombres;Total;Total;2016T1;18.737,5
Hombres;Total;Total;2015T4;18.741,3
Hombres;Total;Total;2015T3;18.747,2
Hombres;Total;Total;2015T2;18.757,3
Hombres;Total;Total;2015T1;18.767,1
Hombres;Total;Total;2014T4;18.773,7
Hombres;Total;Total;2014T3;18.780,1
Hombres;Total;Total;2014T2;18.786,4
Hombres;Total;Total;2014T1;18.757,7
Hombres;Total;Total;2013T4;18.796,5
Hombres;Total;Total;2013T3;18.835,7
Hombres;Total;Total;2013T2;18.888,6
Hombres;Total;Total;2013T1;18.923,2
Hombres;Total;Total;2012T4;18.956,1
Hombres;Total;Total;2012T3;18.973,7
Hombres;Total;Total;2012T2;18.995,2
Hombres;Total;Total;2012T1;19.018,9
Hombres;Total;Total;2011T4;19.041,8
Hombres;Total;Total;2011T3;19.034,1
Hombres;Total;Total;2011T2;19.028,6
Hombres;Total;Total;2011T1;19.025,3
Hombres;Total;Total;2010T4;19.027,2
Hombres;Total;Total;2010T3;19.017,6
Hombres;Total;Total;2010T2;19.011,4
Hombres;Total;Total;2010T1;19.007,5
Hombres;Total;Total;2009T4;19.007,4
Hombres;Total;Total;2009T3;18.992,6
Hombres;Total;Total;2009T2;18.979,5
Hombres;Total;Total;2009T1;18.965,1
Hombres;Total;Total;2008T4;18.948,1
Hombres;Total;Total;2008T3;18.902,9
Hombres;Total;Total;2008T2;18.850,3
Hombres;Total;Total;2008T1;18.789,2
Hombres;Total;Total;2007T4;18.722,1
Hombres;Total;Total;2007T3;18.623,5
Hombres;Total;Total;2007T2;18.532,7
Hombres;Total;Total;2007T1;18.439,8
Hombres;Total;Total;2006T4;18.341,2
Hombres;Total;Total;2006T3;18.250,3
Hombres;Total;Total;2006T2;18.171,3
Hombres;Total;Total;2006T1;18.100,4
Hombres;Total;Total;2005T4;18.037,2
Hombres;Total;Total;2005T3;17.963,8
Hombres;Total;Total;2005T2;17.896,0
Hombres;Total;Total;2005T1;17.799,7
Hombres;Total;Total;2004T4;17.702,1
Hombres;Total;Total;2004T3;17.592,9
Hombres;Total;Total;2004T2;17.513,3
Hombres;Total;Total;2004T1;17.441,6
Hombres;Total;Total;2003T4;17.374,4
Hombres;Total;Total;2003T3;17.294,4
Hombres;Total;Total;2003T2;17.219,3
Hombres;Total;Total;2003T1;17.138,3
Hombres;Total;Total;2002T4;17.056,8
Hombres;Total;Total;2002T3;16.963,0
Hombres;Total;Total;2002T2;16.874,0
Hombres;Total;Total;2002T1;16.782,3
Hombres;Total;Solteros/Solteras;2022T2;7.705,3
Hombres;Total;Solteros/Solteras;2022T1;7.658,7
Hombres;Total;Solteros/Solteras;2021T4;7.585,5
Hombres;Total;Solteros/Solteras;2021T3;7.578,8
Hombres;Total;Solteros/Solteras;2021T2;7.571,0
Hombres;Total;Solteros/Solteras;2021T1;7.541,8
Hombres;Total;Solteros/Solteras;2020T4;7.462,4
Hombres;Total;Solteros/Solteras;2020T3;7.438,5
Hombres;Total;Solteros/Solteras;2020T2;7.432,7
Hombres;Total;Solteros/Solteras;2020T1;7.359,0
Hombres;Total;Solteros/Solteras;2019T4;7.329,9
Hombres;Total;Solteros/Solteras;2019T3;7.257,3
Hombres;Total;Solteros/Solteras;2019T2;7.212,2
Hombres;Total;Solteros/Solteras;2019T1;7.153,0
Hombres;Total;Solteros/Solteras;2018T4;7.083,3
Hombres;Total;Solteros/Solteras;2018T3;7.075,7
Hombres;Total;Solteros/Solteras;2018T2;7.044,5
Hombres;Total;Solteros/Solteras;2018T1;7.013,2
Hombres;Total;Solteros/Solteras;2017T4;6.988,7
Hombres;Total;Solteros/Solteras;2017T3;6.986,1
Hombres;Total;Solteros/Solteras;2017T2;6.994,7
Hombres;Total;Solteros/Solteras;2017T1;6.973,9
Hombres;Total;Solteros/Solteras;2016T4;6.959,8
Hombres;Total;Solteros/Solteras;2016T3;6.949,0
Hombres;Total;Solteros/Solteras;2016T2;6.983,9
Hombres;Total;Solteros/Solteras;2016T1;6.958,5
Hombres;Total;Solteros/Solteras;2015T4;6.952,1
Hombres;Total;Solteros/Solteras;2015T3;6.953,6
Hombres;Total;Solteros/Solteras;2015T2;6.906,0
Hombres;Total;Solteros/Solteras;2015T1;6.911,8
Hombres;Total;Solteros/Solteras;2014T4;6.890,1
Hombres;Total;Solteros/Solteras;2014T3;6.907,6
Hombres;Total;Solteros/Solteras;2014T2;6.884,5
Hombres;Total;Solteros/Solteras;2014T1;6.847,2
Hombres;Total;Solteros/Solteras;2013T4;6.882,3
Hombres;Total;Solteros/Solteras;2013T3;6.938,2
Hombres;Total;Solteros/Solteras;2013T2;6.979,6
Hombres;Total;Solteros/Solteras;2013T1;6.968,7
Hombres;Total;Solteros/Solteras;2012T4;6.953,7
Hombres;Total;Solteros/Solteras;2012T3;6.954,5
Hombres;Total;Solteros/Solteras;2012T2;6.968,5
Hombres;Total;Solteros/Solteras;2012T1;6.967,9
Hombres;Total;Solteros/Solteras;2011T4;6.968,5
Hombres;Total;Solteros/Solteras;2011T3;6.965,1
Hombres;Total;Solteros/Solteras;2011T2;6.960,8
Hombres;Total;Solteros/Solteras;2011T1;6.950,8
Hombres;Total;Solteros/Solteras;2010T4;6.954,4
Hombres;Total;Solteros/Solteras;2010T3;6.971,3
Hombres;Total;Solteros/Solteras;2010T2;7.001,9
Hombres;Total;Solteros/Solteras;2010T1;7.002,9
Hombres;Total;Solteros/Solteras;2009T4;6.991,6
Hombres;Total;Solteros/Solteras;2009T3;6.995,6
Hombres;Total;Solteros/Solteras;2009T2;6.989,1
Hombres;Total;Solteros/Solteras;2009T1;7.007,4
Hombres;Total;Solteros/Solteras;2008T4;6.964,9
Hombres;Total;Solteros/Solteras;2008T3;6.961,5
Hombres;Total;Solteros/Solteras;2008T2;6.977,3
Hombres;Total;Solteros/Solteras;2008T1;6.939,5
Hombres;Total;Solteros/Solteras;2007T4;6.915,8
Hombres;Total;Solteros/Solteras;2007T3;6.879,8
Hombres;Total;Solteros/Solteras;2007T2;6.815,8
Hombres;Total;Solteros/Solteras;2007T1;6.820,7
Hombres;Total;Solteros/Solteras;2006T4;6.740,7
Hombres;Total;Solteros/Solteras;2006T3;6.762,7
Hombres;Total;Solteros/Solteras;2006T2;6.751,9
Hombres;Total;Solteros/Solteras;2006T1;6.678,7
Hombres;Total;Solteros/Solteras;2005T4;6.617,7
Hombres;Total;Solteros/Solteras;2005T3;6.644,8
Hombres;Total;Solteros/Solteras;2005T2;6.609,5
Hombres;Total;Solteros/Solteras;2005T1;6.512,5
Hombres;Total;Solteros/Solteras;2004T4;6.413,0
Hombres;Total;Solteros/Solteras;2004T3;6.393,6
Hombres;Total;Solteros/Solteras;2004T2;6.419,5
Hombres;Total;Solteros/Solteras;2004T1;6.382,0
Hombres;Total;Solteros/Solteras;2003T4;6.375,0
Hombres;Total;Solteros/Solteras;2003T3;6.381,0
Hombres;Total;Solteros/Solteras;2003T2;6.324,6
Hombres;Total;Solteros/Solteras;2003T1;6.308,0
Hombres;Total;Solteros/Solteras;2002T4;6.268,6
Hombres;Total;Solteros/Solteras;2002T3;6.248,2
Hombres;Total;Solteros/Solteras;2002T2;6.203,7
Hombres;Total;Solteros/Solteras;2002T1;6.118,8
Hombres;Total;Casados/Casadas;2022T2;9.932,4
Hombres;Total;Casados/Casadas;2022T1;9.923,4
Hombres;Total;Casados/Casadas;2021T4;9.969,7
Hombres;Total;Casados/Casadas;2021T3;9.979,7
Hombres;Total;Casados/Casadas;2021T2;9.990,2
Hombres;Total;Casados/Casadas;2021T1;10.044,0
Hombres;Total;Casados/Casadas;2020T4;10.087,4
Hombres;Total;Casados/Casadas;2020T3;10.116,4
Hombres;Total;Casados/Casadas;2020T2;10.163,3
Hombres;Total;Casados/Casadas;2020T1;10.184,7
Hombres;Total;Casados/Casadas;2019T4;10.181,7
Hombres;Total;Casados/Casadas;2019T3;10.241,2
Hombres;Total;Casados/Casadas;2019T2;10.232,7
Hombres;Total;Casados/Casadas;2019T1;10.223,4
Hombres;Total;Casados/Casadas;2018T4;10.208,5
Hombres;Total;Casados/Casadas;2018T3;10.159,3
Hombres;Total;Casados/Casadas;2018T2;10.169,8
Hombres;Total;Casados/Casadas;2018T1;10.200,9
Hombres;Total;Casados/Casadas;2017T4;10.199,0
Hombres;Total;Casados/Casadas;2017T3;10.190,9
Hombres;Total;Casados/Casadas;2017T2;10.152,6
Hombres;Total;Casados/Casadas;2017T1;10.178,6
Hombres;Total;Casados/Casadas;2016T4;10.205,3
Hombres;Total;Casados/Casadas;2016T3;10.199,1
Hombres;Total;Casados/Casadas;2016T2;10.150,4
Hombres;Total;Casados/Casadas;2016T1;10.188,2
Hombres;Total;Casados/Casadas;2015T4;10.201,9
Hombres;Total;Casados/Casadas;2015T3;10.176,5
Hombres;Total;Casados/Casadas;2015T2;10.240,7
Hombres;Total;Casados/Casadas;2015T1;10.248,5
Hombres;Total;Casados/Casadas;2014T4;10.291,3
Hombres;Total;Casados/Casadas;2014T3;10.268,7
Hombres;Total;Casados/Casadas;2014T2;10.271,9
Hombres;Total;Casados/Casadas;2014T1;10.291,5
Hombres;Total;Casados/Casadas;2013T4;10.300,9
Hombres;Total;Casados/Casadas;2013T3;10.288,8
Hombres;Total;Casados/Casadas;2013T2;10.349,7
Hombres;Total;Casados/Casadas;2013T1;10.434,0
Hombres;Total;Casados/Casadas;2012T4;10.524,5
Hombres;Total;Casados/Casadas;2012T3;10.556,5
Hombres;Total;Casados/Casadas;2012T2;10.582,3
Hombres;Total;Casados/Casadas;2012T1;10.615,7
Hombres;Total;Casados/Casadas;2011T4;10.631,9
Hombres;Total;Casados/Casadas;2011T3;10.615,9
Hombres;Total;Casados/Casadas;2011T2;10.639,8
Hombres;Total;Casados/Casadas;2011T1;10.666,3
Hombres;Total;Casados/Casadas;2010T4;10.700,7
Hombres;Total;Casados/Casadas;2010T3;10.676,5
Hombres;Total;Casados/Casadas;2010T2;10.634,2
Hombres;Total;Casados/Casadas;2010T1;10.640,9
Hombres;Total;Casados/Casadas;2009T4;10.661,9
Hombres;Total;Casados/Casadas;2009T3;10.629,5
Hombres;Total;Casados/Casadas;2009T2;10.639,7
Hombres;Total;Casados/Casadas;2009T1;10.629,5
Hombres;Total;Casados/Casadas;2008T4;10.678,6
Hombres;Total;Casados/Casadas;2008T3;10.645,3
Hombres;Total;Casados/Casadas;2008T2;10.593,8
Hombres;Total;Casados/Casadas;2008T1;10.574,2
Hombres;Total;Casados/Casadas;2007T4;10.516,8
Hombres;Total;Casados/Casadas;2007T3;10.475,4
Hombres;Total;Casados/Casadas;2007T2;10.448,5
Hombres;Total;Casados/Casadas;2007T1;10.368,5
Hombres;Total;Casados/Casadas;2006T4;10.374,5
Hombres;Total;Casados/Casadas;2006T3;10.296,1
Hombres;Total;Casados/Casadas;2006T2;10.216,5
Hombres;Total;Casados/Casadas;2006T1;10.209,8
Hombres;Total;Casados/Casadas;2005T4;10.258,3
Hombres;Total;Casados/Casadas;2005T3;10.150,4
Hombres;Total;Casados/Casadas;2005T2;10.109,1
Hombres;Total;Casados/Casadas;2005T1;10.116,5
Hombres;Total;Casados/Casadas;2004T4;10.238,1
Hombres;Total;Casados/Casadas;2004T3;10.157,3
Hombres;Total;Casados/Casadas;2004T2;10.075,2
Hombres;Total;Casados/Casadas;2004T1;10.066,3
Hombres;Total;Casados/Casadas;2003T4;10.015,8
Hombres;Total;Casados/Casadas;2003T3;9.946,9
Hombres;Total;Casados/Casadas;2003T2;9.945,5
Hombres;Total;Casados/Casadas;2003T1;9.867,8
Hombres;Total;Casados/Casadas;2002T4;9.833,3
Hombres;Total;Casados/Casadas;2002T3;9.763,0
Hombres;Total;Casados/Casadas;2002T2;9.732,7
Hombres;Total;Casados/Casadas;2002T1;9.730,8
Hombres;Total;Viudos/Viudas;2022T2;563,5
Hombres;Total;Viudos/Viudas;2022T1;578,8
Hombres;Total;Viudos/Viudas;2021T4;575,6
Hombres;Total;Viudos/Viudas;2021T3;569,5
Hombres;Total;Viudos/Viudas;2021T2;567,2
Hombres;Total;Viudos/Viudas;2021T1;557,7
Hombres;Total;Viudos/Viudas;2020T4;586,6
Hombres;Total;Viudos/Viudas;2020T3;557,3
Hombres;Total;Viudos/Viudas;2020T2;552,3
Hombres;Total;Viudos/Viudas;2020T1;568,3
Hombres;Total;Viudos/Viudas;2019T4;557,0
Hombres;Total;Viudos/Viudas;2019T3;545,1
Hombres;Total;Viudos/Viudas;2019T2;532,0
Hombres;Total;Viudos/Viudas;2019T1;547,1
Hombres;Total;Viudos/Viudas;2018T4;554,4
Hombres;Total;Viudos/Viudas;2018T3;554,5
Hombres;Total;Viudos/Viudas;2018T2;564,5
Hombres;Total;Viudos/Viudas;2018T1;570,7
Hombres;Total;Viudos/Viudas;2017T4;582,4
Hombres;Total;Viudos/Viudas;2017T3;568,7
Hombres;Total;Viudos/Viudas;2017T2;575,0
Hombres;Total;Viudos/Viudas;2017T1;581,2
Hombres;Total;Viudos/Viudas;2016T4;580,8
Hombres;Total;Viudos/Viudas;2016T3;586,8
Hombres;Total;Viudos/Viudas;2016T2;581,0
Hombres;Total;Viudos/Viudas;2016T1;573,8
Hombres;Total;Viudos/Viudas;2015T4;586,2
Hombres;Total;Viudos/Viudas;2015T3;589,2
Hombres;Total;Viudos/Viudas;2015T2;586,9
Hombres;Total;Viudos/Viudas;2015T1;583,2
Hombres;Total;Viudos/Viudas;2014T4;572,9
Hombres;Total;Viudos/Viudas;2014T3;567,8
Hombres;Total;Viudos/Viudas;2014T2;580,9
Hombres;Total;Viudos/Viudas;2014T1;589,1
Hombres;Total;Viudos/Viudas;2013T4;604,2
Hombres;Total;Viudos/Viudas;2013T3;609,3
Hombres;Total;Viudos/Viudas;2013T2;585,1
Hombres;Total;Viudos/Viudas;2013T1;575,1
Hombres;Total;Viudos/Viudas;2012T4;562,3
Hombres;Total;Viudos/Viudas;2012T3;549,9
Hombres;Total;Viudos/Viudas;2012T2;534,8
Hombres;Total;Viudos/Viudas;2012T1;540,7
Hombres;Total;Viudos/Viudas;2011T4;540,1
Hombres;Total;Viudos/Viudas;2011T3;527,1
Hombres;Total;Viudos/Viudas;2011T2;530,8
Hombres;Total;Viudos/Viudas;2011T1;543,6
Hombres;Total;Viudos/Viudas;2010T4;550,0
Hombres;Total;Viudos/Viudas;2010T3;555,5
Hombres;Total;Viudos/Viudas;2010T2;574,5
Hombres;Total;Viudos/Viudas;2010T1;582,2
Hombres;Total;Viudos/Viudas;2009T4;576,7
Hombres;Total;Viudos/Viudas;2009T3;575,1
Hombres;Total;Viudos/Viudas;2009T2;558,7
Hombres;Total;Viudos/Viudas;2009T1;562,2
Hombres;Total;Viudos/Viudas;2008T4;567,1
Hombres;Total;Viudos/Viudas;2008T3;561,8
Hombres;Total;Viudos/Viudas;2008T2;554,7
Hombres;Total;Viudos/Viudas;2008T1;562,3
Hombres;Total;Viudos/Viudas;2007T4;559,6
Hombres;Total;Viudos/Viudas;2007T3;563,6
Hombres;Total;Viudos/Viudas;2007T2;566,7
Hombres;Total;Viudos/Viudas;2007T1;561,3
Hombres;Total;Viudos/Viudas;2006T4;548,2
Hombres;Total;Viudos/Viudas;2006T3;537,2
Hombres;Total;Viudos/Viudas;2006T2;540,6
Hombres;Total;Viudos/Viudas;2006T1;544,2
Hombres;Total;Viudos/Viudas;2005T4;534,4
Hombres;Total;Viudos/Viudas;2005T3;540,1
Hombres;Total;Viudos/Viudas;2005T2;559,9
Hombres;Total;Viudos/Viudas;2005T1;565,4
Hombres;Total;Viudos/Viudas;2004T4;574,4
Hombres;Total;Viudos/Viudas;2004T3;565,4
Hombres;Total;Viudos/Viudas;2004T2;568,1
Hombres;Total;Viudos/Viudas;2004T1;547,3
Hombres;Total;Viudos/Viudas;2003T4;549,8
Hombres;Total;Viudos/Viudas;2003T3;541,5
Hombres;Total;Viudos/Viudas;2003T2;542,3
Hombres;Total;Viudos/Viudas;2003T1;543,7
Hombres;Total;Viudos/Viudas;2002T4;549,3
Hombres;Total;Viudos/Viudas;2002T3;560,4
Hombres;Total;Viudos/Viudas;2002T2;547,5
Hombres;Total;Viudos/Viudas;2002T1;552,9
Hombres;Total;Separados/Separadas o Divorciados/Divorciadas;2022T2;1.148,8
Hombres;Total;Separados/Separadas o Divorciados/Divorciadas;2022T1;1.151,0
Hombres;Total;Separados/Separadas o Divorciados/Divorciadas;2021T4;1.161,8
Hombres;Total;Separados/Separadas o Divorciados/Divorciadas;2021T3;1.139,4
Hombres;Total;Separados/Separadas o Divorciados/Divorciadas;2021T2;1.131,7
Hombres;Total;Separados/Separadas o Divorciados/Divorciadas;2021T1;1.119,7
Hombres;Total;Separados/Separadas o Divorciados/Divorciadas;2020T4;1.132,8
Hombres;Total;Separados/Separadas o Divorciados/Divorciadas;2020T3;1.137,8
Hombres;Total;Separados/Separadas o Divorciados/Divorciadas;2020T2;1.086,4
Hombres;Total;Separados/Separadas o Divorciados/Divorciadas;2020T1;1.101,9
Hombres;Total;Separados/Separadas o Divorciados/Divorciadas;2019T4;1.101,7
Hombres;Total;Separados/Separadas o Divorciados/Divorciadas;2019T3;1.077,7
Hombres;Total;Separados/Separadas o Divorciados/Divorciadas;2019T2;1.091,1
Hombres;Total;Separados/Separadas o Divorciados/Divorciadas;2019T1;1.094,7
Hombres;Total;Separados/Separadas o Divorciados/Divorciadas;2018T4;1.125,3
Hombres;Total;Separados/Separadas o Divorciados/Divorciadas;2018T3;1.130,7
Hombres;Total;Separados/Separadas o Divorciados/Divorciadas;2018T2;1.105,2
Hombres;Total;Separados/Separadas o Divorciados/Divorciadas;2018T1;1.074,8
Hombres;Total;Separados/Separadas o Divorciados/Divorciadas;2017T4;1.060,8
Hombres;Total;Separados/Separadas o Divorciados/Divorciadas;2017T3;1.060,3
Hombres;Total;Separados/Separadas o Divorciados/Divorciadas;2017T2;1.068,8
Hombres;Total;Separados/Separadas o Divorciados/Divorciadas;2017T1;1.050,6
Hombres;Total;Separados/Separadas o Divorciados/Divorciadas;2016T4;1.031,4
Hombres;Total;Separados/Separadas o Divorciados/Divorciadas;2016T3;1.024,8
Hombres;Total;Separados/Separadas o Divorciados/Divorciadas;2016T2;1.026,4
Hombres;Total;Separados/Separadas o Divorciados/Divorciadas;2016T1;1.017,0
Hombres;Total;Separados/Separadas o Divorciados/Divorciadas;2015T4;1.001,0
Hombres;Total;Separados/Separadas o Divorciados/Divorciadas;2015T3;1.027,9
Hombres;Total;Separados/Separadas o Divorciados/Divorciadas;2015T2;1.023,7
Hombres;Total;Separados/Separadas o Divorciados/Divorciadas;2015T1;1.023,6
Hombres;Total;Separados/Separadas o Divorciados/Divorciadas;2014T4;1.019,3
Hombres;Total;Separados/Separadas o Divorciados/Divorciadas;2014T3;1.035,9
Hombres;Total;Separados/Separadas o Divorciados/Divorciadas;2014T2;1.049,2
Hombres;Total;Separados/Separadas o Divorciados/Divorciadas;2014T1;1.029,8
Hombres;Total;Separados/Separadas o Divorciados/Divorciadas;2013T4;1.009,1
Hombres;Total;Separados/Separadas o Divorciados/Divorciadas;2013T3;999,4
Hombres;Total;Separados/Separadas o Divorciados/Divorciadas;2013T2;974,3
Hombres;Total;Separados/Separadas o Divorciados/Divorciadas;2013T1;945,4
Hombres;Total;Separados/Separadas o Divorciados/Divorciadas;2012T4;915,7
Hombres;Total;Separados/Separadas o Divorciados/Divorciadas;2012T3;912,8
Hombres;Total;Separados/Separadas o Divorciados/Divorciadas;2012T2;909,6
Hombres;Total;Separados/Separadas o Divorciados/Divorciadas;2012T1;894,5
Hombres;Total;Separados/Separadas o Divorciados/Divorciadas;2011T4;901,3
Hombres;Total;Separados/Separadas o Divorciados/Divorciadas;2011T3;926,0
Hombres;Total;Separados/Separadas o Divorciados/Divorciadas;2011T2;897,1
Hombres;Total;Separados/Separadas o Divorciados/Divorciadas;2011T1;864,5
Hombres;Total;Separados/Separadas o Divorciados/Divorciadas;2010T4;822,1
Hombres;Total;Separados/Separadas o Divorciados/Divorciadas;2010T3;814,2
Hombres;Total;Separados/Separadas o Divorciados/Divorciadas;2010T2;800,8
Hombres;Total;Separados/Separadas o Divorciados/Divorciadas;2010T1;781,4
Hombres;Total;Separados/Separadas o Divorciados/Divorciadas;2009T4;777,2
Hombres;Total;Separados/Separadas o Divorciados/Divorciadas;2009T3;792,3
Hombres;Total;Separados/Separadas o Divorciados/Divorciadas;2009T2;791,9
Hombres;Total;Separados/Separadas o Divorciados/Divorciadas;2009T1;765,9
Hombres;Total;Separados/Separadas o Divorciados/Divorciadas;2008T4;737,6
Hombres;Total;Separados/Separadas o Divorciados/Divorciadas;2008T3;734,3
Hombres;Total;Separados/Separadas o Divorciados/Divorciadas;2008T2;724,5
Hombres;Total;Separados/Separadas o Divorciados/Divorciadas;2008T1;713,2
Hombres;Total;Separados/Separadas o Divorciados/Divorciadas;2007T4;729,9
Hombres;Total;Separados/Separadas o Divorciados/Divorciadas;2007T3;704,7
Hombres;Total;Separados/Separadas o Divorciados/Divorciadas;2007T2;701,6
Hombres;Total;Separados/Separadas o Divorciados/Divorciadas;2007T1;689,2
Hombres;Total;Separados/Separadas o Divorciados/Divorciadas;2006T4;677,7
Hombres;Total;Separados/Separadas o Divorciados/Divorciadas;2006T3;654,2
Hombres;Total;Separados/Separadas o Divorciados/Divorciadas;2006T2;662,2
Hombres;Total;Separados/Separadas o Divorciados/Divorciadas;2006T1;667,7
Hombres;Total;Separados/Separadas o Divorciados/Divorciadas;2005T4;626,8
Hombres;Total;Separados/Separadas o Divorciados/Divorciadas;2005T3;628,4
Hombres;Total;Separados/Separadas o Divorciados/Divorciadas;2005T2;617,6
Hombres;Total;Separados/Separadas o Divorciados/Divorciadas;2005T1;605,3
Hombres;Total;Separados/Separadas o Divorciados/Divorciadas;2004T4;476,6
Hombres;Total;Separados/Separadas o Divorciados/Divorciadas;2004T3;476,6
Hombres;Total;Separados/Separadas o Divorciados/Divorciadas;2004T2;450,4
Hombres;Total;Separados/Separadas o Divorciados/Divorciadas;2004T1;446,0
Hombres;Total;Separados/Separadas o Divorciados/Divorciadas;2003T4;433,8
Hombres;Total;Separados/Separadas o Divorciados/Divorciadas;2003T3;424,9
Hombres;Total;Separados/Separadas o Divorciados/Divorciadas;2003T2;407,0
Hombres;Total;Separados/Separadas o Divorciados/Divorciadas;2003T1;418,8
Hombres;Total;Separados/Separadas o Divorciados/Divorciadas;2002T4;405,5
Hombres;Total;Separados/Separadas o Divorciados/Divorciadas;2002T3;391,4
Hombres;Total;Separados/Separadas o Divorciados/Divorciadas;2002T2;390,1
Hombres;Total;Separados/Separadas o Divorciados/Divorciadas;2002T1;379,8
Mujeres;Total;Total;2022T2;20.483,0
Mujeres;Total;Total;2022T1;20.449,8
Mujeres;Total;Total;2021T4;20.414,4
Mujeres;Total;Total;2021T3;20.382,0
Mujeres;Total;Total;2021T2;20.373,1
Mujeres;Total;Total;2021T1;20.364,3
Mujeres;Total;Total;2020T4;20.366,3
Mujeres;Total;Total;2020T3;20.345,8
Mujeres;Total;Total;2020T2;20.329,2
Mujeres;Total;Total;2020T1;20.306,1
Mujeres;Total;Total;2019T4;20.257,0
Mujeres;Total;Total;2019T3;20.200,7
Mujeres;Total;Total;2019T2;20.145,1
Mujeres;Total;Total;2019T1;20.096,5
Mujeres;Total;Total;2018T4;20.047,9
Mujeres;Total;Total;2018T3;19.992,3
Mujeres;Total;Total;2018T2;19.951,3
Mujeres;Total;Total;2018T1;19.920,3
Mujeres;Total;Total;2017T4;19.885,7
Mujeres;Total;Total;2017T3;19.856,8
Mujeres;Total;Total;2017T2;19.837,9
Mujeres;Total;Total;2017T1;19.823,7
Mujeres;Total;Total;2016T4;19.807,6
Mujeres;Total;Total;2016T3;19.784,0
Mujeres;Total;Total;2016T2;19.764,0
Mujeres;Total;Total;2016T1;19.754,4
Mujeres;Total;Total;2015T4;19.748,3
Mujeres;Total;Total;2015T3;19.739,6
Mujeres;Total;Total;2015T2;19.739,3
Mujeres;Total;Total;2015T1;19.750,1
Mujeres;Total;Total;2014T4;19.749,6
Mujeres;Total;Total;2014T3;19.743,1
Mujeres;Total;Total;2014T2;19.741,7
Mujeres;Total;Total;2014T1;19.725,9
Mujeres;Total;Total;2013T4;19.746,7
Mujeres;Total;Total;2013T3;19.761,7
Mujeres;Total;Total;2013T2;19.792,1
Mujeres;Total;Total;2013T1;19.810,1
Mujeres;Total;Total;2012T4;19.827,0
Mujeres;Total;Total;2012T3;19.825,4
Mujeres;Total;Total;2012T2;19.828,4
Mujeres;Total;Total;2012T1;19.835,3
Mujeres;Total;Total;2011T4;19.840,1
Mujeres;Total;Total;2011T3;19.817,5
Mujeres;Total;Total;2011T2;19.798,5
Mujeres;Total;Total;2011T1;19.783,5
Mujeres;Total;Total;2010T4;19.774,6
Mujeres;Total;Total;2010T3;19.751,1
Mujeres;Total;Total;2010T2;19.733,6
Mujeres;Total;Total;2010T1;19.717,5
Mujeres;Total;Total;2009T4;19.705,6
Mujeres;Total;Total;2009T3;19.677,5
Mujeres;Total;Total;2009T2;19.652,0
Mujeres;Total;Total;2009T1;19.624,3
Mujeres;Total;Total;2008T4;19.598,4
Mujeres;Total;Total;2008T3;19.544,9
Mujeres;Total;Total;2008T2;19.491,3
Mujeres;Total;Total;2008T1;19.435,3
Mujeres;Total;Total;2007T4;19.379,0
Mujeres;Total;Total;2007T3;19.292,8
Mujeres;Total;Total;2007T2;19.211,2
Mujeres;Total;Total;2007T1;19.131,1
Mujeres;Total;Total;2006T4;19.047,4
Mujeres;Total;Total;2006T3;18.959,2
Mujeres;Total;Total;2006T2;18.884,5
Mujeres;Total;Total;2006T1;18.817,1
Mujeres;Total;Total;2005T4;18.759,1
Mujeres;Total;Total;2005T3;18.686,8
Mujeres;Total;Total;2005T2;18.623,1
Mujeres;Total;Total;2005T1;18.551,7
Mujeres;Total;Total;2004T4;18.482,1
Mujeres;Total;Total;2004T3;18.394,6
Mujeres;Total;Total;2004T2;18.325,2
Mujeres;Total;Total;2004T1;18.263,3
Mujeres;Total;Total;2003T4;18.208,5
Mujeres;Total;Total;2003T3;18.136,3
Mujeres;Total;Total;2003T2;18.069,4
Mujeres;Total;Total;2003T1;17.995,7
Mujeres;Total;Total;2002T4;17.925,7
Mujeres;Total;Total;2002T3;17.841,9
Mujeres;Total;Total;2002T2;17.765,4
Mujeres;Total;Total;2002T1;17.688,3
Mujeres;Total;Solteros/Solteras;2022T2;6.683,6
Mujeres;Total;Solteros/Solteras;2022T1;6.662,8
Mujeres;Total;Solteros/Solteras;2021T4;6.569,4
Mujeres;Total;Solteros/Solteras;2021T3;6.536,5
Mujeres;Total;Solteros/Solteras;2021T2;6.499,0
Mujeres;Total;Solteros/Solteras;2021T1;6.457,0
Mujeres;Total;Solteros/Solteras;2020T4;6.418,3
Mujeres;Total;Solteros/Solteras;2020T3;6.390,9
Mujeres;Total;Solteros/Solteras;2020T2;6.385,5
Mujeres;Total;Solteros/Solteras;2020T1;6.329,2
Mujeres;Total;Solteros/Solteras;2019T4;6.271,6
Mujeres;Total;Solteros/Solteras;2019T3;6.192,2
Mujeres;Total;Solteros/Solteras;2019T2;6.111,2
Mujeres;Total;Solteros/Solteras;2019T1;6.070,8
Mujeres;Total;Solteros/Solteras;2018T4;6.022,3
Mujeres;Total;Solteros/Solteras;2018T3;6.006,4
Mujeres;Total;Solteros/Solteras;2018T2;5.972,1
Mujeres;Total;Solteros/Solteras;2018T1;5.935,5
Mujeres;Total;Solteros/Solteras;2017T4;5.897,7
Mujeres;Total;Solteros/Solteras;2017T3;5.875,2
Mujeres;Total;Solteros/Solteras;2017T2;5.871,4
Mujeres;Total;Solteros/Solteras;2017T1;5.870,4
Mujeres;Total;Solteros/Solteras;2016T4;5.819,6
Mujeres;Total;Solteros/Solteras;2016T3;5.805,6
Mujeres;Total;Solteros/Solteras;2016T2;5.847,2
Mujeres;Total;Solteros/Solteras;2016T1;5.819,9
Mujeres;Total;Solteros/Solteras;2015T4;5.802,2
Mujeres;Total;Solteros/Solteras;2015T3;5.810,9
Mujeres;Total;Solteros/Solteras;2015T2;5.782,3
Mujeres;Total;Solteros/Solteras;2015T1;5.798,4
Mujeres;Total;Solteros/Solteras;2014T4;5.753,4
Mujeres;Total;Solteros/Solteras;2014T3;5.734,9
Mujeres;Total;Solteros/Solteras;2014T2;5.742,2
Mujeres;Total;Solteros/Solteras;2014T1;5.723,1
Mujeres;Total;Solteros/Solteras;2013T4;5.722,0
Mujeres;Total;Solteros/Solteras;2013T3;5.739,3
Mujeres;Total;Solteros/Solteras;2013T2;5.763,1
Mujeres;Total;Solteros/Solteras;2013T1;5.727,7
Mujeres;Total;Solteros/Solteras;2012T4;5.697,8
Mujeres;Total;Solteros/Solteras;2012T3;5.692,0
Mujeres;Total;Solteros/Solteras;2012T2;5.677,2
Mujeres;Total;Solteros/Solteras;2012T1;5.653,2
Mujeres;Total;Solteros/Solteras;2011T4;5.618,8
Mujeres;Total;Solteros/Solteras;2011T3;5.621,8
Mujeres;Total;Solteros/Solteras;2011T2;5.667,6
Mujeres;Total;Solteros/Solteras;2011T1;5.639,9
Mujeres;Total;Solteros/Solteras;2010T4;5.588,6
Mujeres;Total;Solteros/Solteras;2010T3;5.613,1
Mujeres;Total;Solteros/Solteras;2010T2;5.657,6
Mujeres;Total;Solteros/Solteras;2010T1;5.636,7
Mujeres;Total;Solteros/Solteras;2009T4;5.621,8
Mujeres;Total;Solteros/Solteras;2009T3;5.645,5
Mujeres;Total;Solteros/Solteras;2009T2;5.633,1
Mujeres;Total;Solteros/Solteras;2009T1;5.619,5
Mujeres;Total;Solteros/Solteras;2008T4;5.591,8
Mujeres;Total;Solteros/Solteras;2008T3;5.585,6
Mujeres;Total;Solteros/Solteras;2008T2;5.597,7
Mujeres;Total;Solteros/Solteras;2008T1;5.564,7
Mujeres;Total;Solteros/Solteras;2007T4;5.551,4
Mujeres;Total;Solteros/Solteras;2007T3;5.547,8
Mujeres;Total;Solteros/Solteras;2007T2;5.546,9
Mujeres;Total;Solteros/Solteras;2007T1;5.554,6
Mujeres;Total;Solteros/Solteras;2006T4;5.523,9
Mujeres;Total;Solteros/Solteras;2006T3;5.500,8
Mujeres;Total;Solteros/Solteras;2006T2;5.488,8
Mujeres;Total;Solteros/Solteras;2006T1;5.394,9
Mujeres;Total;Solteros/Solteras;2005T4;5.371,4
Mujeres;Total;Solteros/Solteras;2005T3;5.389,4
Mujeres;Total;Solteros/Solteras;2005T2;5.365,0
Mujeres;Total;Solteros/Solteras;2005T1;5.318,1
Mujeres;Total;Solteros/Solteras;2004T4;5.191,9
Mujeres;Total;Solteros/Solteras;2004T3;5.205,3
Mujeres;Total;Solteros/Solteras;2004T2;5.230,4
Mujeres;Total;Solteros/Solteras;2004T1;5.194,7
Mujeres;Total;Solteros/Solteras;2003T4;5.178,8
Mujeres;Total;Solteros/Solteras;2003T3;5.184,5
Mujeres;Total;Solteros/Solteras;2003T2;5.141,0
Mujeres;Total;Solteros/Solteras;2003T1;5.144,1
Mujeres;Total;Solteros/Solteras;2002T4;5.115,2
Mujeres;Total;Solteros/Solteras;2002T3;5.100,4
Mujeres;Total;Solteros/Solteras;2002T2;5.094,7
Mujeres;Total;Solteros/Solteras;2002T1;5.048,2
Mujeres;Total;Casados/Casadas;2022T2;9.860,5
Mujeres;Total;Casados/Casadas;2022T1;9.834,3
Mujeres;Total;Casados/Casadas;2021T4;9.898,6
Mujeres;Total;Casados/Casadas;2021T3;9.920,5
Mujeres;Total;Casados/Casadas;2021T2;9.913,0
Mujeres;Total;Casados/Casadas;2021T1;9.982,1
Mujeres;Total;Casados/Casadas;2020T4;10.074,2
Mujeres;Total;Casados/Casadas;2020T3;10.103,4
Mujeres;Total;Casados/Casadas;2020T2;10.118,5
Mujeres;Total;Casados/Casadas;2020T1;10.164,7
Mujeres;Total;Casados/Casadas;2019T4;10.149,0
Mujeres;Total;Casados/Casadas;2019T3;10.183,4
Mujeres;Total;Casados/Casadas;2019T2;10.202,0
Mujeres;Total;Casados/Casadas;2019T1;10.214,3
Mujeres;Total;Casados/Casadas;2018T4;10.195,7
Mujeres;Total;Casados/Casadas;2018T3;10.132,2
Mujeres;Total;Casados/Casadas;2018T2;10.146,7
Mujeres;Total;Casados/Casadas;2018T1;10.152,4
Mujeres;Total;Casados/Casadas;2017T4;10.151,9
Mujeres;Total;Casados/Casadas;2017T3;10.123,5
Mujeres;Total;Casados/Casadas;2017T2;10.133,0
Mujeres;Total;Casados/Casadas;2017T1;10.140,0
Mujeres;Total;Casados/Casadas;2016T4;10.161,5
Mujeres;Total;Casados/Casadas;2016T3;10.153,5
Mujeres;Total;Casados/Casadas;2016T2;10.106,7
Mujeres;Total;Casados/Casadas;2016T1;10.133,9
Mujeres;Total;Casados/Casadas;2015T4;10.132,1
Mujeres;Total;Casados/Casadas;2015T3;10.154,0
Mujeres;Total;Casados/Casadas;2015T2;10.219,1
Mujeres;Total;Casados/Casadas;2015T1;10.224,7
Mujeres;Total;Casados/Casadas;2014T4;10.271,9
Mujeres;Total;Casados/Casadas;2014T3;10.255,8
Mujeres;Total;Casados/Casadas;2014T2;10.252,2
Mujeres;Total;Casados/Casadas;2014T1;10.278,2
Mujeres;Total;Casados/Casadas;2013T4;10.291,2
Mujeres;Total;Casados/Casadas;2013T3;10.273,5
Mujeres;Total;Casados/Casadas;2013T2;10.317,1
Mujeres;Total;Casados/Casadas;2013T1;10.390,3
Mujeres;Total;Casados/Casadas;2012T4;10.468,0
Mujeres;Total;Casados/Casadas;2012T3;10.486,2
Mujeres;Total;Casados/Casadas;2012T2;10.522,6
Mujeres;Total;Casados/Casadas;2012T1;10.557,0
Mujeres;Total;Casados/Casadas;2011T4;10.576,7
Mujeres;Total;Casados/Casadas;2011T3;10.611,2
Mujeres;Total;Casados/Casadas;2011T2;10.598,2
Mujeres;Total;Casados/Casadas;2011T1;10.618,0
Mujeres;Total;Casados/Casadas;2010T4;10.664,5
Mujeres;Total;Casados/Casadas;2010T3;10.621,7
Mujeres;Total;Casados/Casadas;2010T2;10.575,9
Mujeres;Total;Casados/Casadas;2010T1;10.589,5
Mujeres;Total;Casados/Casadas;2009T4;10.616,8
Mujeres;Total;Casados/Casadas;2009T3;10.577,5
Mujeres;Total;Casados/Casadas;2009T2;10.582,7
Mujeres;Total;Casados/Casadas;2009T1;10.589,7
Mujeres;Total;Casados/Casadas;2008T4;10.601,7
Mujeres;Total;Casados/Casadas;2008T3;10.564,3
Mujeres;Total;Casados/Casadas;2008T2;10.498,0
Mujeres;Total;Casados/Casadas;2008T1;10.476,8
Mujeres;Total;Casados/Casadas;2007T4;10.450,2
Mujeres;Total;Casados/Casadas;2007T3;10.359,1
Mujeres;Total;Casados/Casadas;2007T2;10.314,6
Mujeres;Total;Casados/Casadas;2007T1;10.268,6
Mujeres;Total;Casados/Casadas;2006T4;10.261,4
Mujeres;Total;Casados/Casadas;2006T3;10.185,1
Mujeres;Total;Casados/Casadas;2006T2;10.146,5
Mujeres;Total;Casados/Casadas;2006T1;10.178,2
Mujeres;Total;Casados/Casadas;2005T4;10.197,4
Mujeres;Total;Casados/Casadas;2005T3;10.094,0
Mujeres;Total;Casados/Casadas;2005T2;10.049,4
Mujeres;Total;Casados/Casadas;2005T1;10.065,8
Mujeres;Total;Casados/Casadas;2004T4;10.198,0
Mujeres;Total;Casados/Casadas;2004T3;10.113,4
Mujeres;Total;Casados/Casadas;2004T2;10.036,3
Mujeres;Total;Casados/Casadas;2004T1;10.040,5
Mujeres;Total;Casados/Casadas;2003T4;10.000,4
Mujeres;Total;Casados/Casadas;2003T3;9.913,8
Mujeres;Total;Casados/Casadas;2003T2;9.923,3
Mujeres;Total;Casados/Casadas;2003T1;9.860,7
Mujeres;Total;Casados/Casadas;2002T4;9.820,7
Mujeres;Total;Casados/Casadas;2002T3;9.760,4
Mujeres;Total;Casados/Casadas;2002T2;9.731,0
Mujeres;Total;Casados/Casadas;2002T1;9.712,1
Mujeres;Total;Viudos/Viudas;2022T2;2.322,1
Mujeres;Total;Viudos/Viudas;2022T1;2.304,6
Mujeres;Total;Viudos/Viudas;2021T4;2.342,4
Mujeres;Total;Viudos/Viudas;2021T3;2.290,5
Mujeres;Total;Viudos/Viudas;2021T2;2.300,4
Mujeres;Total;Viudos/Viudas;2021T1;2.282,2
Mujeres;Total;Viudos/Viudas;2020T4;2.331,2
Mujeres;Total;Viudos/Viudas;2020T3;2.325,3
Mujeres;Total;Viudos/Viudas;2020T2;2.342,7
Mujeres;Total;Viudos/Viudas;2020T1;2.354,6
Mujeres;Total;Viudos/Viudas;2019T4;2.363,8
Mujeres;Total;Viudos/Viudas;2019T3;2.366,9
Mujeres;Total;Viudos/Viudas;2019T2;2.374,8
Mujeres;Total;Viudos/Viudas;2019T1;2.365,6
Mujeres;Total;Viudos/Viudas;2018T4;2.383,4
Mujeres;Total;Viudos/Viudas;2018T3;2.409,5
Mujeres;Total;Viudos/Viudas;2018T2;2.403,7
Mujeres;Total;Viudos/Viudas;2018T1;2.407,4
Mujeres;Total;Viudos/Viudas;2017T4;2.431,9
Mujeres;Total;Viudos/Viudas;2017T3;2.434,1
Mujeres;Total;Viudos/Viudas;2017T2;2.422,1
Mujeres;Total;Viudos/Viudas;2017T1;2.405,2
Mujeres;Total;Viudos/Viudas;2016T4;2.432,0
Mujeres;Total;Viudos/Viudas;2016T3;2.421,7
Mujeres;Total;Viudos/Viudas;2016T2;2.412,2
Mujeres;Total;Viudos/Viudas;2016T1;2.410,0
Mujeres;Total;Viudos/Viudas;2015T4;2.437,3
Mujeres;Total;Viudos/Viudas;2015T3;2.427,5
Mujeres;Total;Viudos/Viudas;2015T2;2.420,8
Mujeres;Total;Viudos/Viudas;2015T1;2.400,5
Mujeres;Total;Viudos/Viudas;2014T4;2.400,3
Mujeres;Total;Viudos/Viudas;2014T3;2.422,6
Mujeres;Total;Viudos/Viudas;2014T2;2.413,8
Mujeres;Total;Viudos/Viudas;2014T1;2.399,9
Mujeres;Total;Viudos/Viudas;2013T4;2.424,0
Mujeres;Total;Viudos/Viudas;2013T3;2.464,0
Mujeres;Total;Viudos/Viudas;2013T2;2.458,9
Mujeres;Total;Viudos/Viudas;2013T1;2.454,4
Mujeres;Total;Viudos/Viudas;2012T4;2.438,2
Mujeres;Total;Viudos/Viudas;2012T3;2.437,6
Mujeres;Total;Viudos/Viudas;2012T2;2.417,9
Mujeres;Total;Viudos/Viudas;2012T1;2.430,8
Mujeres;Total;Viudos/Viudas;2011T4;2.434,7
Mujeres;Total;Viudos/Viudas;2011T3;2.415,8
Mujeres;Total;Viudos/Viudas;2011T2;2.403,8
Mujeres;Total;Viudos/Viudas;2011T1;2.439,3
Mujeres;Total;Viudos/Viudas;2010T4;2.441,5
Mujeres;Total;Viudos/Viudas;2010T3;2.456,2
Mujeres;Total;Viudos/Viudas;2010T2;2.445,7
Mujeres;Total;Viudos/Viudas;2010T1;2.416,1
Mujeres;Total;Viudos/Viudas;2009T4;2.426,5
Mujeres;Total;Viudos/Viudas;2009T3;2.419,9
Mujeres;Total;Viudos/Viudas;2009T2;2.413,6
Mujeres;Total;Viudos/Viudas;2009T1;2.389,6
Mujeres;Total;Viudos/Viudas;2008T4;2.399,4
Mujeres;Total;Viudos/Viudas;2008T3;2.403,7
Mujeres;Total;Viudos/Viudas;2008T2;2.396,9
Mujeres;Total;Viudos/Viudas;2008T1;2.391,8
Mujeres;Total;Viudos/Viudas;2007T4;2.395,3
Mujeres;Total;Viudos/Viudas;2007T3;2.422,5
Mujeres;Total;Viudos/Viudas;2007T2;2.426,1
Mujeres;Total;Viudos/Viudas;2007T1;2.411,3
Mujeres;Total;Viudos/Viudas;2006T4;2.393,5
Mujeres;Total;Viudos/Viudas;2006T3;2.426,2
Mujeres;Total;Viudos/Viudas;2006T2;2.413,7
Mujeres;Total;Viudos/Viudas;2006T1;2.400,9
Mujeres;Total;Viudos/Viudas;2005T4;2.377,3
Mujeres;Total;Viudos/Viudas;2005T3;2.393,5
Mujeres;Total;Viudos/Viudas;2005T2;2.404,3
Mujeres;Total;Viudos/Viudas;2005T1;2.380,3
Mujeres;Total;Viudos/Viudas;2004T4;2.385,7
Mujeres;Total;Viudos/Viudas;2004T3;2.376,6
Mujeres;Total;Viudos/Viudas;2004T2;2.355,1
Mujeres;Total;Viudos/Viudas;2004T1;2.318,9
Mujeres;Total;Viudos/Viudas;2003T4;2.338,3
Mujeres;Total;Viudos/Viudas;2003T3;2.367,3
Mujeres;Total;Viudos/Viudas;2003T2;2.344,4
Mujeres;Total;Viudos/Viudas;2003T1;2.347,1
Mujeres;Total;Viudos/Viudas;2002T4;2.342,1
Mujeres;Total;Viudos/Viudas;2002T3;2.347,0
Mujeres;Total;Viudos/Viudas;2002T2;2.348,2
Mujeres;Total;Viudos/Viudas;2002T1;2.346,0
Mujeres;Total;Separados/Separadas o Divorciados/Divorciadas;2022T2;1.616,7
Mujeres;Total;Separados/Separadas o Divorciados/Divorciadas;2022T1;1.648,1
Mujeres;Total;Separados/Separadas o Divorciados/Divorciadas;2021T4;1.603,9
Mujeres;Total;Separados/Separadas o Divorciados/Divorciadas;2021T3;1.634,5
Mujeres;Total;Separados/Separadas o Divorciados/Divorciadas;2021T2;1.660,8
Mujeres;Total;Separados/Separadas o Divorciados/Divorciadas;2021T1;1.643,0
Mujeres;Total;Separados/Separadas o Divorciados/Divorciadas;2020T4;1.542,6
Mujeres;Total;Separados/Separadas o Divorciados/Divorciadas;2020T3;1.526,2
Mujeres;Total;Separados/Separadas o Divorciados/Divorciadas;2020T2;1.482,5
Mujeres;Total;Separados/Separadas o Divorciados/Divorciadas;2020T1;1.457,7
Mujeres;Total;Separados/Separadas o Divorciados/Divorciadas;2019T4;1.472,6
Mujeres;Total;Separados/Separadas o Divorciados/Divorciadas;2019T3;1.458,2
Mujeres;Total;Separados/Separadas o Divorciados/Divorciadas;2019T2;1.457,1
Mujeres;Total;Separados/Separadas o Divorciados/Divorciadas;2019T1;1.445,7
Mujeres;Total;Separados/Separadas o Divorciados/Divorciadas;2018T4;1.446,6
Mujeres;Total;Separados/Separadas o Divorciados/Divorciadas;2018T3;1.444,2
Mujeres;Total;Separados/Separadas o Divorciados/Divorciadas;2018T2;1.428,8
Mujeres;Total;Separados/Separadas o Divorciados/Divorciadas;2018T1;1.425,0
Mujeres;Total;Separados/Separadas o Divorciados/Divorciadas;2017T4;1.404,2
Mujeres;Total;Separados/Separadas o Divorciados/Divorciadas;2017T3;1.423,9
Mujeres;Total;Separados/Separadas o Divorciados/Divorciadas;2017T2;1.411,4
Mujeres;Total;Separados/Separadas o Divorciados/Divorciadas;2017T1;1.408,1
Mujeres;Total;Separados/Separadas o Divorciados/Divorciadas;2016T4;1.394,5
Mujeres;Total;Separados/Separadas o Divorciados/Divorciadas;2016T3;1.403,2
Mujeres;Total;Separados/Separadas o Divorciados/Divorciadas;2016T2;1.397,8
Mujeres;Total;Separados/Separadas o Divorciados/Divorciadas;2016T1;1.390,6
Mujeres;Total;Separados/Separadas o Divorciados/Divorciadas;2015T4;1.376,7
Mujeres;Total;Separados/Separadas o Divorciados/Divorciadas;2015T3;1.347,3
Mujeres;Total;Separados/Separadas o Divorciados/Divorciadas;2015T2;1.317,1
Mujeres;Total;Separados/Separadas o Divorciados/Divorciadas;2015T1;1.326,5
Mujeres;Total;Separados/Separadas o Divorciados/Divorciadas;2014T4;1.324,0
Mujeres;Total;Separados/Separadas o Divorciados/Divorciadas;2014T3;1.329,8
Mujeres;Total;Separados/Separadas o Divorciados/Divorciadas;2014T2;1.333,5
Mujeres;Total;Separados/Separadas o Divorciados/Divorciadas;2014T1;1.324,8
Mujeres;Total;Separados/Separadas o Divorciados/Divorciadas;2013T4;1.309,4
Mujeres;Total;Separados/Separadas o Divorciados/Divorciadas;2013T3;1.284,9
Mujeres;Total;Separados/Separadas o Divorciados/Divorciadas;2013T2;1.252,9
Mujeres;Total;Separados/Separadas o Divorciados/Divorciadas;2013T1;1.237,7
Mujeres;Total;Separados/Separadas o Divorciados/Divorciadas;2012T4;1.223,0
Mujeres;Total;Separados/Separadas o Divorciados/Divorciadas;2012T3;1.209,7
Mujeres;Total;Separados/Separadas o Divorciados/Divorciadas;2012T2;1.210,7
Mujeres;Total;Separados/Separadas o Divorciados/Divorciadas;2012T1;1.194,3
Mujeres;Total;Separados/Separadas o Divorciados/Divorciadas;2011T4;1.209,9
Mujeres;Total;Separados/Separadas o Divorciados/Divorciadas;2011T3;1.168,7
Mujeres;Total;Separados/Separadas o Divorciados/Divorciadas;2011T2;1.128,8
Mujeres;Total;Separados/Separadas o Divorciados/Divorciadas;2011T1;1.086,2
Mujeres;Total;Separados/Separadas o Divorciados/Divorciadas;2010T4;1.080,0
Mujeres;Total;Separados/Separadas o Divorciados/Divorciadas;2010T3;1.060,0
Mujeres;Total;Separados/Separadas o Divorciados/Divorciadas;2010T2;1.054,3
Mujeres;Total;Separados/Separadas o Divorciados/Divorciadas;2010T1;1.075,2
Mujeres;Total;Separados/Separadas o Divorciados/Divorciadas;2009T4;1.040,5
Mujeres;Total;Separados/Separadas o Divorciados/Divorciadas;2009T3;1.034,6
Mujeres;Total;Separados/Separadas o Divorciados/Divorciadas;2009T2;1.022,6
Mujeres;Total;Separados/Separadas o Divorciados/Divorciadas;2009T1;1.025,5
Mujeres;Total;Separados/Separadas o Divorciados/Divorciadas;2008T4;1.005,5
Mujeres;Total;Separados/Separadas o Divorciados/Divorciadas;2008T3;991,3
Mujeres;Total;Separados/Separadas o Divorciados/Divorciadas;2008T2;998,8
Mujeres;Total;Separados/Separadas o Divorciados/Divorciadas;2008T1;1.002,0
Mujeres;Total;Separados/Separadas o Divorciados/Divorciadas;2007T4;982,1
Mujeres;Total;Separados/Separadas o Divorciados/Divorciadas;2007T3;963,5
Mujeres;Total;Separados/Separadas o Divorciados/Divorciadas;2007T2;923,7
Mujeres;Total;Separados/Separadas o Divorciados/Divorciadas;2007T1;896,5
Mujeres;Total;Separados/Separadas o Divorciados/Divorciadas;2006T4;868,6
Mujeres;Total;Separados/Separadas o Divorciados/Divorciadas;2006T3;847,1
Mujeres;Total;Separados/Separadas o Divorciados/Divorciadas;2006T2;835,4
Mujeres;Total;Separados/Separadas o Divorciados/Divorciadas;2006T1;843,1
Mujeres;Total;Separados/Separadas o Divorciados/Divorciadas;2005T4;813,0
Mujeres;Total;Separados/Separadas o Divorciados/Divorciadas;2005T3;809,9
Mujeres;Total;Separados/Separadas o Divorciados/Divorciadas;2005T2;804,5
Mujeres;Total;Separados/Separadas o Divorciados/Divorciadas;2005T1;787,4
Mujeres;Total;Separados/Separadas o Divorciados/Divorciadas;2004T4;706,5
Mujeres;Total;Separados/Separadas o Divorciados/Divorciadas;2004T3;699,4
Mujeres;Total;Separados/Separadas o Divorciados/Divorciadas;2004T2;703,4
Mujeres;Total;Separados/Separadas o Divorciados/Divorciadas;2004T1;709,3
Mujeres;Total;Separados/Separadas o Divorciados/Divorciadas;2003T4;691,0
Mujeres;Total;Separados/Separadas o Divorciados/Divorciadas;2003T3;670,6
Mujeres;Total;Separados/Separadas o Divorciados/Divorciadas;2003T2;660,7
Mujeres;Total;Separados/Separadas o Divorciados/Divorciadas;2003T1;643,9
Mujeres;Total;Separados/Separadas o Divorciados/Divorciadas;2002T4;647,7
Mujeres;Total;Separados/Separadas o Divorciados/Divorciadas;2002T3;634,0
Mujeres;Total;Separados/Separadas o Divorciados/Divorciadas;2002T2;591,5
Mujeres;Total;Separados/Separadas o Divorciados/Divorciadas;2002T1;581,9
