Provincias,Periodo,Total,Sexo,id_gen
02 Albacete,2020,552,Mujer-Hombre,0
02 Albacete,2019,1203,Mujer-Hombre,0
02 Albacete,2018,1267,Mujer-Hombre,0
02 Albacete,2017,1367,Mujer-Hombre,0
02 Albacete,2016,1417,Mujer-Hombre,0
02 Albacete,2015,1344,Mujer-Hombre,0
02 Albacete,2014,1300,Mujer-Hombre,0
02 Albacete,2013,1191,Mujer-Hombre,0
02 Albacete,2012,1345,Mujer-Hombre,0
02 Albacete,2011,1309,Mujer-Hombre,0
02 Albacete,2010,1346,Mujer-Hombre,0
02 Albacete,2009,1399,Mujer-Hombre,0
02 Albacete,2008,1483,Mujer-Hombre,0
02 Albacete,2007,1628,Mujer-Hombre,0
02 Albacete,2006,1661,Mujer-Hombre,0
02 Albacete,2005,1720,Mujer-Hombre,0
03 Alicante/Alacant,2020,3828,Mujer-Hombre,0
03 Alicante/Alacant,2019,6013,Mujer-Hombre,0
03 Alicante/Alacant,2018,6273,Mujer-Hombre,0
03 Alicante/Alacant,2017,6590,Mujer-Hombre,0
03 Alicante/Alacant,2016,6576,Mujer-Hombre,0
03 Alicante/Alacant,2015,5977,Mujer-Hombre,0
03 Alicante/Alacant,2014,5754,Mujer-Hombre,0
03 Alicante/Alacant,2013,5318,Mujer-Hombre,0
03 Alicante/Alacant,2012,5538,Mujer-Hombre,0
03 Alicante/Alacant,2011,5344,Mujer-Hombre,0
03 Alicante/Alacant,2010,5466,Mujer-Hombre,0
03 Alicante/Alacant,2009,5877,Mujer-Hombre,0
03 Alicante/Alacant,2008,6921,Mujer-Hombre,0
03 Alicante/Alacant,2007,7350,Mujer-Hombre,0
03 Alicante/Alacant,2006,7606,Mujer-Hombre,0
03 Alicante/Alacant,2005,7935,Mujer-Hombre,0
04 Almería,2020,1143,Mujer-Hombre,0
04 Almería,2019,2091,Mujer-Hombre,0
04 Almería,2018,2139,Mujer-Hombre,0
04 Almería,2017,2136,Mujer-Hombre,0
04 Almería,2016,2216,Mujer-Hombre,0
04 Almería,2015,2082,Mujer-Hombre,0
04 Almería,2014,1977,Mujer-Hombre,0
04 Almería,2013,1954,Mujer-Hombre,0
04 Almería,2012,2293,Mujer-Hombre,0
04 Almería,2011,2048,Mujer-Hombre,0
04 Almería,2010,2128,Mujer-Hombre,0
04 Almería,2009,2379,Mujer-Hombre,0
04 Almería,2008,2759,Mujer-Hombre,0
04 Almería,2007,2836,Mujer-Hombre,0
04 Almería,2006,3015,Mujer-Hombre,0
04 Almería,2005,2973,Mujer-Hombre,0
01 Araba/Álava,2020,516,Mujer-Hombre,0
01 Araba/Álava,2019,1004,Mujer-Hombre,0
01 Araba/Álava,2018,1092,Mujer-Hombre,0
01 Araba/Álava,2017,1067,Mujer-Hombre,0
01 Araba/Álava,2016,1111,Mujer-Hombre,0
01 Araba/Álava,2015,1187,Mujer-Hombre,0
01 Araba/Álava,2014,1191,Mujer-Hombre,0
01 Araba/Álava,2013,1080,Mujer-Hombre,0
01 Araba/Álava,2012,1186,Mujer-Hombre,0
01 Araba/Álava,2011,1140,Mujer-Hombre,0
01 Araba/Álava,2010,1258,Mujer-Hombre,0
01 Araba/Álava,2009,1205,Mujer-Hombre,0
01 Araba/Álava,2008,1240,Mujer-Hombre,0
01 Araba/Álava,2007,1216,Mujer-Hombre,0
01 Araba/Álava,2006,1263,Mujer-Hombre,0
01 Araba/Álava,2005,1277,Mujer-Hombre,0
33 Asturias,2020,1807,Mujer-Hombre,0
33 Asturias,2019,3255,Mujer-Hombre,0
33 Asturias,2018,3425,Mujer-Hombre,0
33 Asturias,2017,3569,Mujer-Hombre,0
33 Asturias,2016,3679,Mujer-Hombre,0
33 Asturias,2015,3483,Mujer-Hombre,0
33 Asturias,2014,3498,Mujer-Hombre,0
33 Asturias,2013,3327,Mujer-Hombre,0
33 Asturias,2012,3968,Mujer-Hombre,0
33 Asturias,2011,3884,Mujer-Hombre,0
33 Asturias,2010,4233,Mujer-Hombre,0
33 Asturias,2009,4485,Mujer-Hombre,0
33 Asturias,2008,4775,Mujer-Hombre,0
33 Asturias,2007,4857,Mujer-Hombre,0
33 Asturias,2006,4810,Mujer-Hombre,0
33 Asturias,2005,4905,Mujer-Hombre,0
05 Ávila,2020,234,Mujer-Hombre,0
05 Ávila,2019,437,Mujer-Hombre,0
05 Ávila,2018,436,Mujer-Hombre,0
05 Ávila,2017,435,Mujer-Hombre,0
05 Ávila,2016,460,Mujer-Hombre,0
05 Ávila,2015,434,Mujer-Hombre,0
05 Ávila,2014,425,Mujer-Hombre,0
05 Ávila,2013,433,Mujer-Hombre,0
05 Ávila,2012,465,Mujer-Hombre,0
05 Ávila,2011,466,Mujer-Hombre,0
05 Ávila,2010,500,Mujer-Hombre,0
05 Ávila,2009,531,Mujer-Hombre,0
05 Ávila,2008,596,Mujer-Hombre,0
05 Ávila,2007,579,Mujer-Hombre,0
05 Ávila,2006,594,Mujer-Hombre,0
05 Ávila,2005,588,Mujer-Hombre,0
06 Badajoz,2020,996,Mujer-Hombre,0
06 Badajoz,2019,2166,Mujer-Hombre,0
06 Badajoz,2018,2156,Mujer-Hombre,0
06 Badajoz,2017,2304,Mujer-Hombre,0
06 Badajoz,2016,2311,Mujer-Hombre,0
06 Badajoz,2015,2271,Mujer-Hombre,0
06 Badajoz,2014,2160,Mujer-Hombre,0
06 Badajoz,2013,2044,Mujer-Hombre,0
06 Badajoz,2012,2452,Mujer-Hombre,0
06 Badajoz,2011,2368,Mujer-Hombre,0
06 Badajoz,2010,2682,Mujer-Hombre,0
06 Badajoz,2009,2832,Mujer-Hombre,0
06 Badajoz,2008,2917,Mujer-Hombre,0
06 Badajoz,2007,2892,Mujer-Hombre,0
06 Badajoz,2006,3083,Mujer-Hombre,0
06 Badajoz,2005,3050,Mujer-Hombre,0
"07 Balears, Illes",2020,2847,Mujer-Hombre,0
"07 Balears, Illes",2019,4880,Mujer-Hombre,0
"07 Balears, Illes",2018,4615,Mujer-Hombre,0
"07 Balears, Illes",2017,4570,Mujer-Hombre,0
"07 Balears, Illes",2016,4593,Mujer-Hombre,0
"07 Balears, Illes",2015,4496,Mujer-Hombre,0
"07 Balears, Illes",2014,4104,Mujer-Hombre,0
"07 Balears, Illes",2013,3942,Mujer-Hombre,0
"07 Balears, Illes",2012,3925,Mujer-Hombre,0
"07 Balears, Illes",2011,3950,Mujer-Hombre,0
"07 Balears, Illes",2010,3947,Mujer-Hombre,0
"07 Balears, Illes",2009,4151,Mujer-Hombre,0
"07 Balears, Illes",2008,4138,Mujer-Hombre,0
"07 Balears, Illes",2007,4345,Mujer-Hombre,0
"07 Balears, Illes",2006,4260,Mujer-Hombre,0
"07 Balears, Illes",2005,4267,Mujer-Hombre,0
08 Barcelona,2020,10954,Mujer-Hombre,0
08 Barcelona,2019,19122,Mujer-Hombre,0
08 Barcelona,2018,20014,Mujer-Hombre,0
08 Barcelona,2017,21223,Mujer-Hombre,0
08 Barcelona,2016,21230,Mujer-Hombre,0
08 Barcelona,2015,19812,Mujer-Hombre,0
08 Barcelona,2014,19181,Mujer-Hombre,0
08 Barcelona,2013,18795,Mujer-Hombre,0
08 Barcelona,2012,19757,Mujer-Hombre,0
08 Barcelona,2011,19066,Mujer-Hombre,0
08 Barcelona,2010,20162,Mujer-Hombre,0
08 Barcelona,2009,20303,Mujer-Hombre,0
08 Barcelona,2008,22430,Mujer-Hombre,0
08 Barcelona,2007,22382,Mujer-Hombre,0
08 Barcelona,2006,22831,Mujer-Hombre,0
08 Barcelona,2005,24133,Mujer-Hombre,0
48 Bizkaia,2020,1881,Mujer-Hombre,0
48 Bizkaia,2019,3529,Mujer-Hombre,0
48 Bizkaia,2018,3561,Mujer-Hombre,0
48 Bizkaia,2017,3790,Mujer-Hombre,0
48 Bizkaia,2016,3777,Mujer-Hombre,0
48 Bizkaia,2015,3608,Mujer-Hombre,0
48 Bizkaia,2014,3599,Mujer-Hombre,0
48 Bizkaia,2013,3632,Mujer-Hombre,0
48 Bizkaia,2012,4094,Mujer-Hombre,0
48 Bizkaia,2011,4204,Mujer-Hombre,0
48 Bizkaia,2010,4297,Mujer-Hombre,0
48 Bizkaia,2009,4307,Mujer-Hombre,0
48 Bizkaia,2008,4731,Mujer-Hombre,0
48 Bizkaia,2007,4753,Mujer-Hombre,0
48 Bizkaia,2006,4740,Mujer-Hombre,0
48 Bizkaia,2005,4979,Mujer-Hombre,0
09 Burgos,2020,514,Mujer-Hombre,0
09 Burgos,2019,1051,Mujer-Hombre,0
09 Burgos,2018,1050,Mujer-Hombre,0
09 Burgos,2017,1129,Mujer-Hombre,0
09 Burgos,2016,1082,Mujer-Hombre,0
09 Burgos,2015,1098,Mujer-Hombre,0
09 Burgos,2014,1043,Mujer-Hombre,0
09 Burgos,2013,1047,Mujer-Hombre,0
09 Burgos,2012,1192,Mujer-Hombre,0
09 Burgos,2011,1137,Mujer-Hombre,0
09 Burgos,2010,1287,Mujer-Hombre,0
09 Burgos,2009,1245,Mujer-Hombre,0
09 Burgos,2008,1365,Mujer-Hombre,0
09 Burgos,2007,1447,Mujer-Hombre,0
09 Burgos,2006,1407,Mujer-Hombre,0
09 Burgos,2005,1430,Mujer-Hombre,0
10 Cáceres,2020,552,Mujer-Hombre,0
10 Cáceres,2019,1112,Mujer-Hombre,0
10 Cáceres,2018,1110,Mujer-Hombre,0
10 Cáceres,2017,1159,Mujer-Hombre,0
10 Cáceres,2016,1274,Mujer-Hombre,0
10 Cáceres,2015,1172,Mujer-Hombre,0
10 Cáceres,2014,1138,Mujer-Hombre,0
10 Cáceres,2013,1066,Mujer-Hombre,0
10 Cáceres,2012,1192,Mujer-Hombre,0
10 Cáceres,2011,1143,Mujer-Hombre,0
10 Cáceres,2010,1167,Mujer-Hombre,0
10 Cáceres,2009,1346,Mujer-Hombre,0
10 Cáceres,2008,1481,Mujer-Hombre,0
10 Cáceres,2007,1527,Mujer-Hombre,0
10 Cáceres,2006,1588,Mujer-Hombre,0
10 Cáceres,2005,1537,Mujer-Hombre,0
11 Cádiz,2020,2408,Mujer-Hombre,0
11 Cádiz,2019,4900,Mujer-Hombre,0
11 Cádiz,2018,4446,Mujer-Hombre,0
11 Cádiz,2017,4708,Mujer-Hombre,0
11 Cádiz,2016,4703,Mujer-Hombre,0
11 Cádiz,2015,4573,Mujer-Hombre,0
11 Cádiz,2014,4251,Mujer-Hombre,0
11 Cádiz,2013,3911,Mujer-Hombre,0
11 Cádiz,2012,4383,Mujer-Hombre,0
11 Cádiz,2011,4054,Mujer-Hombre,0
11 Cádiz,2010,4263,Mujer-Hombre,0
11 Cádiz,2009,4635,Mujer-Hombre,0
11 Cádiz,2008,5587,Mujer-Hombre,0
11 Cádiz,2007,5892,Mujer-Hombre,0
11 Cádiz,2006,6253,Mujer-Hombre,0
11 Cádiz,2005,6728,Mujer-Hombre,0
39 Cantabria,2020,1111,Mujer-Hombre,0
39 Cantabria,2019,1951,Mujer-Hombre,0
39 Cantabria,2018,2067,Mujer-Hombre,0
39 Cantabria,2017,2079,Mujer-Hombre,0
39 Cantabria,2016,2228,Mujer-Hombre,0
39 Cantabria,2015,2124,Mujer-Hombre,0
39 Cantabria,2014,2069,Mujer-Hombre,0
39 Cantabria,2013,1936,Mujer-Hombre,0
39 Cantabria,2012,2326,Mujer-Hombre,0
39 Cantabria,2011,2184,Mujer-Hombre,0
39 Cantabria,2010,2500,Mujer-Hombre,0
39 Cantabria,2009,2581,Mujer-Hombre,0
39 Cantabria,2008,2936,Mujer-Hombre,0
39 Cantabria,2007,2948,Mujer-Hombre,0
39 Cantabria,2006,2822,Mujer-Hombre,0
39 Cantabria,2005,2876,Mujer-Hombre,0
12 Castellón/Castelló,2020,1123,Mujer-Hombre,0
12 Castellón/Castelló,2019,2029,Mujer-Hombre,0
12 Castellón/Castelló,2018,1892,Mujer-Hombre,0
12 Castellón/Castelló,2017,2022,Mujer-Hombre,0
12 Castellón/Castelló,2016,2007,Mujer-Hombre,0
12 Castellón/Castelló,2015,1992,Mujer-Hombre,0
12 Castellón/Castelló,2014,1922,Mujer-Hombre,0
12 Castellón/Castelló,2013,1763,Mujer-Hombre,0
12 Castellón/Castelló,2012,1880,Mujer-Hombre,0
12 Castellón/Castelló,2011,1805,Mujer-Hombre,0
12 Castellón/Castelló,2010,2037,Mujer-Hombre,0
12 Castellón/Castelló,2009,2135,Mujer-Hombre,0
12 Castellón/Castelló,2008,2484,Mujer-Hombre,0
12 Castellón/Castelló,2007,2695,Mujer-Hombre,0
12 Castellón/Castelló,2006,2638,Mujer-Hombre,0
12 Castellón/Castelló,2005,2708,Mujer-Hombre,0
13 Ciudad Real,2020,654,Mujer-Hombre,0
13 Ciudad Real,2019,1643,Mujer-Hombre,0
13 Ciudad Real,2018,1698,Mujer-Hombre,0
13 Ciudad Real,2017,1659,Mujer-Hombre,0
13 Ciudad Real,2016,1722,Mujer-Hombre,0
13 Ciudad Real,2015,1651,Mujer-Hombre,0
13 Ciudad Real,2014,1557,Mujer-Hombre,0
13 Ciudad Real,2013,1527,Mujer-Hombre,0
13 Ciudad Real,2012,1731,Mujer-Hombre,0
13 Ciudad Real,2011,1633,Mujer-Hombre,0
13 Ciudad Real,2010,1748,Mujer-Hombre,0
13 Ciudad Real,2009,1918,Mujer-Hombre,0
13 Ciudad Real,2008,2228,Mujer-Hombre,0
13 Ciudad Real,2007,2321,Mujer-Hombre,0
13 Ciudad Real,2006,2257,Mujer-Hombre,0
13 Ciudad Real,2005,2330,Mujer-Hombre,0
14 Córdoba,2020,1193,Mujer-Hombre,0
14 Córdoba,2019,2750,Mujer-Hombre,0
14 Córdoba,2018,2769,Mujer-Hombre,0
14 Córdoba,2017,2841,Mujer-Hombre,0
14 Córdoba,2016,2952,Mujer-Hombre,0
14 Córdoba,2015,2701,Mujer-Hombre,0
14 Córdoba,2014,2550,Mujer-Hombre,0
14 Córdoba,2013,2336,Mujer-Hombre,0
14 Córdoba,2012,2708,Mujer-Hombre,0
14 Córdoba,2011,2760,Mujer-Hombre,0
14 Córdoba,2010,2911,Mujer-Hombre,0
14 Córdoba,2009,3290,Mujer-Hombre,0
14 Córdoba,2008,3893,Mujer-Hombre,0
14 Córdoba,2007,3971,Mujer-Hombre,0
14 Córdoba,2006,4042,Mujer-Hombre,0
14 Córdoba,2005,3979,Mujer-Hombre,0
"15 Coruña, A",2020,2400,Mujer-Hombre,0
"15 Coruña, A",2019,4034,Mujer-Hombre,0
"15 Coruña, A",2018,3879,Mujer-Hombre,0
"15 Coruña, A",2017,4055,Mujer-Hombre,0
"15 Coruña, A",2016,4120,Mujer-Hombre,0
"15 Coruña, A",2015,4120,Mujer-Hombre,0
"15 Coruña, A",2014,3963,Mujer-Hombre,0
"15 Coruña, A",2013,3789,Mujer-Hombre,0
"15 Coruña, A",2012,4292,Mujer-Hombre,0
"15 Coruña, A",2011,4077,Mujer-Hombre,0
"15 Coruña, A",2010,4290,Mujer-Hombre,0
"15 Coruña, A",2009,4397,Mujer-Hombre,0
"15 Coruña, A",2008,4741,Mujer-Hombre,0
"15 Coruña, A",2007,4749,Mujer-Hombre,0
"15 Coruña, A",2006,4776,Mujer-Hombre,0
"15 Coruña, A",2005,4683,Mujer-Hombre,0
16 Cuenca,2020,243,Mujer-Hombre,0
16 Cuenca,2019,547,Mujer-Hombre,0
16 Cuenca,2018,567,Mujer-Hombre,0
16 Cuenca,2017,489,Mujer-Hombre,0
16 Cuenca,2016,544,Mujer-Hombre,0
16 Cuenca,2015,582,Mujer-Hombre,0
16 Cuenca,2014,566,Mujer-Hombre,0
16 Cuenca,2013,553,Mujer-Hombre,0
16 Cuenca,2012,609,Mujer-Hombre,0
16 Cuenca,2011,557,Mujer-Hombre,0
16 Cuenca,2010,592,Mujer-Hombre,0
16 Cuenca,2009,572,Mujer-Hombre,0
16 Cuenca,2008,688,Mujer-Hombre,0
16 Cuenca,2007,699,Mujer-Hombre,0
16 Cuenca,2006,699,Mujer-Hombre,0
16 Cuenca,2005,738,Mujer-Hombre,0
20 Gipuzkoa,2020,1332,Mujer-Hombre,0
20 Gipuzkoa,2019,2496,Mujer-Hombre,0
20 Gipuzkoa,2018,2484,Mujer-Hombre,0
20 Gipuzkoa,2017,2581,Mujer-Hombre,0
20 Gipuzkoa,2016,2492,Mujer-Hombre,0
20 Gipuzkoa,2015,2450,Mujer-Hombre,0
20 Gipuzkoa,2014,2504,Mujer-Hombre,0
20 Gipuzkoa,2013,2477,Mujer-Hombre,0
20 Gipuzkoa,2012,2659,Mujer-Hombre,0
20 Gipuzkoa,2011,2742,Mujer-Hombre,0
20 Gipuzkoa,2010,2825,Mujer-Hombre,0
20 Gipuzkoa,2009,2981,Mujer-Hombre,0
20 Gipuzkoa,2008,3068,Mujer-Hombre,0
20 Gipuzkoa,2007,3093,Mujer-Hombre,0
20 Gipuzkoa,2006,3191,Mujer-Hombre,0
20 Gipuzkoa,2005,3300,Mujer-Hombre,0
17 Girona,2020,1600,Mujer-Hombre,0
17 Girona,2019,2820,Mujer-Hombre,0
17 Girona,2018,2770,Mujer-Hombre,0
17 Girona,2017,2810,Mujer-Hombre,0
17 Girona,2016,2776,Mujer-Hombre,0
17 Girona,2015,2838,Mujer-Hombre,0
17 Girona,2014,2815,Mujer-Hombre,0
17 Girona,2013,2597,Mujer-Hombre,0
17 Girona,2012,2526,Mujer-Hombre,0
17 Girona,2011,2534,Mujer-Hombre,0
17 Girona,2010,2499,Mujer-Hombre,0
17 Girona,2009,2674,Mujer-Hombre,0
17 Girona,2008,2840,Mujer-Hombre,0
17 Girona,2007,2865,Mujer-Hombre,0
17 Girona,2006,2853,Mujer-Hombre,0
17 Girona,2005,2826,Mujer-Hombre,0
18 Granada,2020,1448,Mujer-Hombre,0
18 Granada,2019,3078,Mujer-Hombre,0
18 Granada,2018,2986,Mujer-Hombre,0
18 Granada,2017,3125,Mujer-Hombre,0
18 Granada,2016,3183,Mujer-Hombre,0
18 Granada,2015,3137,Mujer-Hombre,0
18 Granada,2014,3099,Mujer-Hombre,0
18 Granada,2013,2747,Mujer-Hombre,0
18 Granada,2012,3020,Mujer-Hombre,0
18 Granada,2011,2814,Mujer-Hombre,0
18 Granada,2010,2976,Mujer-Hombre,0
18 Granada,2009,3201,Mujer-Hombre,0
18 Granada,2008,3783,Mujer-Hombre,0
18 Granada,2007,4177,Mujer-Hombre,0
18 Granada,2006,4084,Mujer-Hombre,0
18 Granada,2005,4281,Mujer-Hombre,0
19 Guadalajara,2020,520,Mujer-Hombre,0
19 Guadalajara,2019,953,Mujer-Hombre,0
19 Guadalajara,2018,976,Mujer-Hombre,0
19 Guadalajara,2017,939,Mujer-Hombre,0
19 Guadalajara,2016,999,Mujer-Hombre,0
19 Guadalajara,2015,1011,Mujer-Hombre,0
19 Guadalajara,2014,928,Mujer-Hombre,0
19 Guadalajara,2013,925,Mujer-Hombre,0
19 Guadalajara,2012,1069,Mujer-Hombre,0
19 Guadalajara,2011,1001,Mujer-Hombre,0
19 Guadalajara,2010,1083,Mujer-Hombre,0
19 Guadalajara,2009,1032,Mujer-Hombre,0
19 Guadalajara,2008,1199,Mujer-Hombre,0
19 Guadalajara,2007,1244,Mujer-Hombre,0
19 Guadalajara,2006,1182,Mujer-Hombre,0
19 Guadalajara,2005,1142,Mujer-Hombre,0
21 Huelva,2020,995,Mujer-Hombre,0
21 Huelva,2019,1811,Mujer-Hombre,0
21 Huelva,2018,1647,Mujer-Hombre,0
21 Huelva,2017,1666,Mujer-Hombre,0
21 Huelva,2016,1856,Mujer-Hombre,0
21 Huelva,2015,1723,Mujer-Hombre,0
21 Huelva,2014,1671,Mujer-Hombre,0
21 Huelva,2013,1558,Mujer-Hombre,0
21 Huelva,2012,1863,Mujer-Hombre,0
21 Huelva,2011,1695,Mujer-Hombre,0
21 Huelva,2010,1750,Mujer-Hombre,0
21 Huelva,2009,1810,Mujer-Hombre,0
21 Huelva,2008,2384,Mujer-Hombre,0
21 Huelva,2007,2469,Mujer-Hombre,0
21 Huelva,2006,2539,Mujer-Hombre,0
21 Huelva,2005,2645,Mujer-Hombre,0
22 Huesca,2020,355,Mujer-Hombre,0
22 Huesca,2019,694,Mujer-Hombre,0
22 Huesca,2018,625,Mujer-Hombre,0
22 Huesca,2017,615,Mujer-Hombre,0
22 Huesca,2016,686,Mujer-Hombre,0
22 Huesca,2015,605,Mujer-Hombre,0
22 Huesca,2014,674,Mujer-Hombre,0
22 Huesca,2013,643,Mujer-Hombre,0
22 Huesca,2012,766,Mujer-Hombre,0
22 Huesca,2011,626,Mujer-Hombre,0
22 Huesca,2010,670,Mujer-Hombre,0
22 Huesca,2009,694,Mujer-Hombre,0
22 Huesca,2008,732,Mujer-Hombre,0
22 Huesca,2007,796,Mujer-Hombre,0
22 Huesca,2006,819,Mujer-Hombre,0
22 Huesca,2005,797,Mujer-Hombre,0
23 Jaén,2020,718,Mujer-Hombre,0
23 Jaén,2019,2182,Mujer-Hombre,0
23 Jaén,2018,2259,Mujer-Hombre,0
23 Jaén,2017,2274,Mujer-Hombre,0
23 Jaén,2016,2244,Mujer-Hombre,0
23 Jaén,2015,2143,Mujer-Hombre,0
23 Jaén,2014,2052,Mujer-Hombre,0
23 Jaén,2013,1818,Mujer-Hombre,0
23 Jaén,2012,2226,Mujer-Hombre,0
23 Jaén,2011,2175,Mujer-Hombre,0
23 Jaén,2010,2198,Mujer-Hombre,0
23 Jaén,2009,2449,Mujer-Hombre,0
23 Jaén,2008,2959,Mujer-Hombre,0
23 Jaén,2007,3108,Mujer-Hombre,0
23 Jaén,2006,3186,Mujer-Hombre,0
23 Jaén,2005,3198,Mujer-Hombre,0
24 León,2020,690,Mujer-Hombre,0
24 León,2019,1251,Mujer-Hombre,0
24 León,2018,1343,Mujer-Hombre,0
24 León,2017,1412,Mujer-Hombre,0
24 León,2016,1380,Mujer-Hombre,0
24 León,2015,1294,Mujer-Hombre,0
24 León,2014,1430,Mujer-Hombre,0
24 León,2013,1367,Mujer-Hombre,0
24 León,2012,1586,Mujer-Hombre,0
24 León,2011,1448,Mujer-Hombre,0
24 León,2010,1518,Mujer-Hombre,0
24 León,2009,1517,Mujer-Hombre,0
24 León,2008,1646,Mujer-Hombre,0
24 León,2007,1760,Mujer-Hombre,0
24 León,2006,1623,Mujer-Hombre,0
24 León,2005,1727,Mujer-Hombre,0
25 Lleida,2020,827,Mujer-Hombre,0
25 Lleida,2019,1349,Mujer-Hombre,0
25 Lleida,2018,1334,Mujer-Hombre,0
25 Lleida,2017,1411,Mujer-Hombre,0
25 Lleida,2016,1442,Mujer-Hombre,0
25 Lleida,2015,1311,Mujer-Hombre,0
25 Lleida,2014,1413,Mujer-Hombre,0
25 Lleida,2013,1330,Mujer-Hombre,0
25 Lleida,2012,1443,Mujer-Hombre,0
25 Lleida,2011,1433,Mujer-Hombre,0
25 Lleida,2010,1560,Mujer-Hombre,0
25 Lleida,2009,1582,Mujer-Hombre,0
25 Lleida,2008,1785,Mujer-Hombre,0
25 Lleida,2007,1821,Mujer-Hombre,0
25 Lleida,2006,1778,Mujer-Hombre,0
25 Lleida,2005,1726,Mujer-Hombre,0
27 Lugo,2020,633,Mujer-Hombre,0
27 Lugo,2019,998,Mujer-Hombre,0
27 Lugo,2018,1018,Mujer-Hombre,0
27 Lugo,2017,1053,Mujer-Hombre,0
27 Lugo,2016,1045,Mujer-Hombre,0
27 Lugo,2015,975,Mujer-Hombre,0
27 Lugo,2014,977,Mujer-Hombre,0
27 Lugo,2013,924,Mujer-Hombre,0
27 Lugo,2012,1026,Mujer-Hombre,0
27 Lugo,2011,1027,Mujer-Hombre,0
27 Lugo,2010,1069,Mujer-Hombre,0
27 Lugo,2009,1080,Mujer-Hombre,0
27 Lugo,2008,1122,Mujer-Hombre,0
27 Lugo,2007,1141,Mujer-Hombre,0
27 Lugo,2006,1113,Mujer-Hombre,0
27 Lugo,2005,1075,Mujer-Hombre,0
28 Madrid,2020,12394,Mujer-Hombre,0
28 Madrid,2019,23538,Mujer-Hombre,0
28 Madrid,2018,23797,Mujer-Hombre,0
28 Madrid,2017,25039,Mujer-Hombre,0
28 Madrid,2016,25215,Mujer-Hombre,0
28 Madrid,2015,24848,Mujer-Hombre,0
28 Madrid,2014,23222,Mujer-Hombre,0
28 Madrid,2013,23878,Mujer-Hombre,0
28 Madrid,2012,24526,Mujer-Hombre,0
28 Madrid,2011,24306,Mujer-Hombre,0
28 Madrid,2010,24603,Mujer-Hombre,0
28 Madrid,2009,24505,Mujer-Hombre,0
28 Madrid,2008,26583,Mujer-Hombre,0
28 Madrid,2007,28000,Mujer-Hombre,0
28 Madrid,2006,27684,Mujer-Hombre,0
28 Madrid,2005,28387,Mujer-Hombre,0
29 Málaga,2020,3055,Mujer-Hombre,0
29 Málaga,2019,5537,Mujer-Hombre,0
29 Málaga,2018,5446,Mujer-Hombre,0
29 Málaga,2017,5720,Mujer-Hombre,0
29 Málaga,2016,5554,Mujer-Hombre,0
29 Málaga,2015,5551,Mujer-Hombre,0
29 Málaga,2014,5392,Mujer-Hombre,0
29 Málaga,2013,5036,Mujer-Hombre,0
29 Málaga,2012,5355,Mujer-Hombre,0
29 Málaga,2011,5156,Mujer-Hombre,0
29 Málaga,2010,5591,Mujer-Hombre,0
29 Málaga,2009,5868,Mujer-Hombre,0
29 Málaga,2008,6994,Mujer-Hombre,0
29 Málaga,2007,7238,Mujer-Hombre,0
29 Málaga,2006,7463,Mujer-Hombre,0
29 Málaga,2005,7349,Mujer-Hombre,0
30 Murcia,2020,2601,Mujer-Hombre,0
30 Murcia,2019,4955,Mujer-Hombre,0
30 Murcia,2018,5079,Mujer-Hombre,0
30 Murcia,2017,5094,Mujer-Hombre,0
30 Murcia,2016,5067,Mujer-Hombre,0
30 Murcia,2015,4815,Mujer-Hombre,0
30 Murcia,2014,4846,Mujer-Hombre,0
30 Murcia,2013,4375,Mujer-Hombre,0
30 Murcia,2012,4867,Mujer-Hombre,0
30 Murcia,2011,4656,Mujer-Hombre,0
30 Murcia,2010,4996,Mujer-Hombre,0
30 Murcia,2009,5125,Mujer-Hombre,0
30 Murcia,2008,5765,Mujer-Hombre,0
30 Murcia,2007,6647,Mujer-Hombre,0
30 Murcia,2006,6484,Mujer-Hombre,0
30 Murcia,2005,6668,Mujer-Hombre,0
31 Navarra,2020,1279,Mujer-Hombre,0
31 Navarra,2019,2050,Mujer-Hombre,0
31 Navarra,2018,2050,Mujer-Hombre,0
31 Navarra,2017,2295,Mujer-Hombre,0
31 Navarra,2016,2383,Mujer-Hombre,0
31 Navarra,2015,2616,Mujer-Hombre,0
31 Navarra,2014,2301,Mujer-Hombre,0
31 Navarra,2013,2097,Mujer-Hombre,0
31 Navarra,2012,2232,Mujer-Hombre,0
31 Navarra,2011,2218,Mujer-Hombre,0
31 Navarra,2010,2285,Mujer-Hombre,0
31 Navarra,2009,2492,Mujer-Hombre,0
31 Navarra,2008,2681,Mujer-Hombre,0
31 Navarra,2007,2705,Mujer-Hombre,0
31 Navarra,2006,2727,Mujer-Hombre,0
31 Navarra,2005,2671,Mujer-Hombre,0
32 Ourense,2020,496,Mujer-Hombre,0
32 Ourense,2019,860,Mujer-Hombre,0
32 Ourense,2018,737,Mujer-Hombre,0
32 Ourense,2017,819,Mujer-Hombre,0
32 Ourense,2016,825,Mujer-Hombre,0
32 Ourense,2015,825,Mujer-Hombre,0
32 Ourense,2014,846,Mujer-Hombre,0
32 Ourense,2013,861,Mujer-Hombre,0
32 Ourense,2012,917,Mujer-Hombre,0
32 Ourense,2011,881,Mujer-Hombre,0
32 Ourense,2010,908,Mujer-Hombre,0
32 Ourense,2009,936,Mujer-Hombre,0
32 Ourense,2008,1062,Mujer-Hombre,0
32 Ourense,2007,1263,Mujer-Hombre,0
32 Ourense,2006,1147,Mujer-Hombre,0
32 Ourense,2005,1119,Mujer-Hombre,0
34 Palencia,2020,190,Mujer-Hombre,0
34 Palencia,2019,443,Mujer-Hombre,0
34 Palencia,2018,477,Mujer-Hombre,0
34 Palencia,2017,500,Mujer-Hombre,0
34 Palencia,2016,531,Mujer-Hombre,0
34 Palencia,2015,492,Mujer-Hombre,0
34 Palencia,2014,495,Mujer-Hombre,0
34 Palencia,2013,440,Mujer-Hombre,0
34 Palencia,2012,550,Mujer-Hombre,0
34 Palencia,2011,480,Mujer-Hombre,0
34 Palencia,2010,542,Mujer-Hombre,0
34 Palencia,2009,525,Mujer-Hombre,0
34 Palencia,2008,596,Mujer-Hombre,0
34 Palencia,2007,621,Mujer-Hombre,0
34 Palencia,2006,671,Mujer-Hombre,0
34 Palencia,2005,695,Mujer-Hombre,0
"35 Palmas, Las",2020,2399,Mujer-Hombre,0
"35 Palmas, Las",2019,3913,Mujer-Hombre,0
"35 Palmas, Las",2018,3884,Mujer-Hombre,0
"35 Palmas, Las",2017,3787,Mujer-Hombre,0
"35 Palmas, Las",2016,3744,Mujer-Hombre,0
"35 Palmas, Las",2015,3487,Mujer-Hombre,0
"35 Palmas, Las",2014,3337,Mujer-Hombre,0
"35 Palmas, Las",2013,3283,Mujer-Hombre,0
"35 Palmas, Las",2012,2996,Mujer-Hombre,0
"35 Palmas, Las",2011,2756,Mujer-Hombre,0
"35 Palmas, Las",2010,2704,Mujer-Hombre,0
"35 Palmas, Las",2009,2926,Mujer-Hombre,0
"35 Palmas, Las",2008,3153,Mujer-Hombre,0
"35 Palmas, Las",2007,3274,Mujer-Hombre,0
"35 Palmas, Las",2006,3340,Mujer-Hombre,0
"35 Palmas, Las",2005,3339,Mujer-Hombre,0
36 Pontevedra,2020,1987,Mujer-Hombre,0
36 Pontevedra,2019,3303,Mujer-Hombre,0
36 Pontevedra,2018,2879,Mujer-Hombre,0
36 Pontevedra,2017,3223,Mujer-Hombre,0
36 Pontevedra,2016,3256,Mujer-Hombre,0
36 Pontevedra,2015,3224,Mujer-Hombre,0
36 Pontevedra,2014,2934,Mujer-Hombre,0
36 Pontevedra,2013,2917,Mujer-Hombre,0
36 Pontevedra,2012,3185,Mujer-Hombre,0
36 Pontevedra,2011,3179,Mujer-Hombre,0
36 Pontevedra,2010,3440,Mujer-Hombre,0
36 Pontevedra,2009,3440,Mujer-Hombre,0
36 Pontevedra,2008,3868,Mujer-Hombre,0
36 Pontevedra,2007,3958,Mujer-Hombre,0
36 Pontevedra,2006,4036,Mujer-Hombre,0
36 Pontevedra,2005,4061,Mujer-Hombre,0
"26 Rioja, La",2020,600,Mujer-Hombre,0
"26 Rioja, La",2019,1093,Mujer-Hombre,0
"26 Rioja, La",2018,1117,Mujer-Hombre,0
"26 Rioja, La",2017,1035,Mujer-Hombre,0
"26 Rioja, La",2016,1133,Mujer-Hombre,0
"26 Rioja, La",2015,1063,Mujer-Hombre,0
"26 Rioja, La",2014,1114,Mujer-Hombre,0
"26 Rioja, La",2013,994,Mujer-Hombre,0
"26 Rioja, La",2012,1111,Mujer-Hombre,0
"26 Rioja, La",2011,1069,Mujer-Hombre,0
"26 Rioja, La",2010,1126,Mujer-Hombre,0
"26 Rioja, La",2009,1205,Mujer-Hombre,0
"26 Rioja, La",2008,1323,Mujer-Hombre,0
"26 Rioja, La",2007,1354,Mujer-Hombre,0
"26 Rioja, La",2006,1373,Mujer-Hombre,0
"26 Rioja, La",2005,1407,Mujer-Hombre,0
37 Salamanca,2020,367,Mujer-Hombre,0
37 Salamanca,2019,944,Mujer-Hombre,0
37 Salamanca,2018,974,Mujer-Hombre,0
37 Salamanca,2017,1080,Mujer-Hombre,0
37 Salamanca,2016,1041,Mujer-Hombre,0
37 Salamanca,2015,1044,Mujer-Hombre,0
37 Salamanca,2014,1081,Mujer-Hombre,0
37 Salamanca,2013,1069,Mujer-Hombre,0
37 Salamanca,2012,1139,Mujer-Hombre,0
37 Salamanca,2011,935,Mujer-Hombre,0
37 Salamanca,2010,1075,Mujer-Hombre,0
37 Salamanca,2009,1211,Mujer-Hombre,0
37 Salamanca,2008,1324,Mujer-Hombre,0
37 Salamanca,2007,1370,Mujer-Hombre,0
37 Salamanca,2006,1336,Mujer-Hombre,0
37 Salamanca,2005,1408,Mujer-Hombre,0
38 Santa Cruz de Tenerife,2020,2209,Mujer-Hombre,0
38 Santa Cruz de Tenerife,2019,3475,Mujer-Hombre,0
38 Santa Cruz de Tenerife,2018,3514,Mujer-Hombre,0
38 Santa Cruz de Tenerife,2017,3449,Mujer-Hombre,0
38 Santa Cruz de Tenerife,2016,3314,Mujer-Hombre,0
38 Santa Cruz de Tenerife,2015,3176,Mujer-Hombre,0
38 Santa Cruz de Tenerife,2014,2992,Mujer-Hombre,0
38 Santa Cruz de Tenerife,2013,2697,Mujer-Hombre,0
38 Santa Cruz de Tenerife,2012,2683,Mujer-Hombre,0
38 Santa Cruz de Tenerife,2011,2676,Mujer-Hombre,0
38 Santa Cruz de Tenerife,2010,2753,Mujer-Hombre,0
38 Santa Cruz de Tenerife,2009,2990,Mujer-Hombre,0
38 Santa Cruz de Tenerife,2008,3185,Mujer-Hombre,0
38 Santa Cruz de Tenerife,2007,3129,Mujer-Hombre,0
38 Santa Cruz de Tenerife,2006,3456,Mujer-Hombre,0
38 Santa Cruz de Tenerife,2005,3401,Mujer-Hombre,0
40 Segovia,2020,228,Mujer-Hombre,0
40 Segovia,2019,532,Mujer-Hombre,0
40 Segovia,2018,481,Mujer-Hombre,0
40 Segovia,2017,549,Mujer-Hombre,0
40 Segovia,2016,484,Mujer-Hombre,0
40 Segovia,2015,520,Mujer-Hombre,0
40 Segovia,2014,452,Mujer-Hombre,0
40 Segovia,2013,439,Mujer-Hombre,0
40 Segovia,2012,481,Mujer-Hombre,0
40 Segovia,2011,513,Mujer-Hombre,0
40 Segovia,2010,534,Mujer-Hombre,0
40 Segovia,2009,566,Mujer-Hombre,0
40 Segovia,2008,664,Mujer-Hombre,0
40 Segovia,2007,594,Mujer-Hombre,0
40 Segovia,2006,586,Mujer-Hombre,0
40 Segovia,2005,604,Mujer-Hombre,0
41 Sevilla,2020,3663,Mujer-Hombre,0
41 Sevilla,2019,7601,Mujer-Hombre,0
41 Sevilla,2018,7346,Mujer-Hombre,0
41 Sevilla,2017,7284,Mujer-Hombre,0
41 Sevilla,2016,7681,Mujer-Hombre,0
41 Sevilla,2015,7456,Mujer-Hombre,0
41 Sevilla,2014,7105,Mujer-Hombre,0
41 Sevilla,2013,6643,Mujer-Hombre,0
41 Sevilla,2012,7312,Mujer-Hombre,0
41 Sevilla,2011,7110,Mujer-Hombre,0
41 Sevilla,2010,7528,Mujer-Hombre,0
41 Sevilla,2009,8150,Mujer-Hombre,0
41 Sevilla,2008,9565,Mujer-Hombre,0
41 Sevilla,2007,10365,Mujer-Hombre,0
41 Sevilla,2006,10574,Mujer-Hombre,0
41 Sevilla,2005,10885,Mujer-Hombre,0
42 Soria,2020,147,Mujer-Hombre,0
42 Soria,2019,269,Mujer-Hombre,0
42 Soria,2018,273,Mujer-Hombre,0
42 Soria,2017,262,Mujer-Hombre,0
42 Soria,2016,270,Mujer-Hombre,0
42 Soria,2015,240,Mujer-Hombre,0
42 Soria,2014,253,Mujer-Hombre,0
42 Soria,2013,233,Mujer-Hombre,0
42 Soria,2012,277,Mujer-Hombre,0
42 Soria,2011,250,Mujer-Hombre,0
42 Soria,2010,273,Mujer-Hombre,0
42 Soria,2009,290,Mujer-Hombre,0
42 Soria,2008,254,Mujer-Hombre,0
42 Soria,2007,288,Mujer-Hombre,0
42 Soria,2006,308,Mujer-Hombre,0
42 Soria,2005,290,Mujer-Hombre,0
43 Tarragona,2020,1726,Mujer-Hombre,0
43 Tarragona,2019,2725,Mujer-Hombre,0
43 Tarragona,2018,2633,Mujer-Hombre,0
43 Tarragona,2017,2861,Mujer-Hombre,0
43 Tarragona,2016,2948,Mujer-Hombre,0
43 Tarragona,2015,2832,Mujer-Hombre,0
43 Tarragona,2014,2705,Mujer-Hombre,0
43 Tarragona,2013,2620,Mujer-Hombre,0
43 Tarragona,2012,2783,Mujer-Hombre,0
43 Tarragona,2011,2714,Mujer-Hombre,0
43 Tarragona,2010,2955,Mujer-Hombre,0
43 Tarragona,2009,3028,Mujer-Hombre,0
43 Tarragona,2008,3454,Mujer-Hombre,0
43 Tarragona,2007,3477,Mujer-Hombre,0
43 Tarragona,2006,3508,Mujer-Hombre,0
43 Tarragona,2005,3482,Mujer-Hombre,0
44 Teruel,2020,257,Mujer-Hombre,0
44 Teruel,2019,367,Mujer-Hombre,0
44 Teruel,2018,377,Mujer-Hombre,0
44 Teruel,2017,397,Mujer-Hombre,0
44 Teruel,2016,386,Mujer-Hombre,0
44 Teruel,2015,377,Mujer-Hombre,0
44 Teruel,2014,430,Mujer-Hombre,0
44 Teruel,2013,407,Mujer-Hombre,0
44 Teruel,2012,421,Mujer-Hombre,0
44 Teruel,2011,397,Mujer-Hombre,0
44 Teruel,2010,415,Mujer-Hombre,0
44 Teruel,2009,428,Mujer-Hombre,0
44 Teruel,2008,453,Mujer-Hombre,0
44 Teruel,2007,481,Mujer-Hombre,0
44 Teruel,2006,489,Mujer-Hombre,0
44 Teruel,2005,532,Mujer-Hombre,0
45 Toledo,2020,1185,Mujer-Hombre,0
45 Toledo,2019,2496,Mujer-Hombre,0
45 Toledo,2018,2520,Mujer-Hombre,0
45 Toledo,2017,2579,Mujer-Hombre,0
45 Toledo,2016,2597,Mujer-Hombre,0
45 Toledo,2015,2423,Mujer-Hombre,0
45 Toledo,2014,2438,Mujer-Hombre,0
45 Toledo,2013,2302,Mujer-Hombre,0
45 Toledo,2012,2663,Mujer-Hombre,0
45 Toledo,2011,2627,Mujer-Hombre,0
45 Toledo,2010,2603,Mujer-Hombre,0
45 Toledo,2009,2847,Mujer-Hombre,0
45 Toledo,2008,3291,Mujer-Hombre,0
45 Toledo,2007,3091,Mujer-Hombre,0
45 Toledo,2006,3034,Mujer-Hombre,0
45 Toledo,2005,3063,Mujer-Hombre,0
46 Valencia/València,2020,5279,Mujer-Hombre,0
46 Valencia/València,2019,8937,Mujer-Hombre,0
46 Valencia/València,2018,9328,Mujer-Hombre,0
46 Valencia/València,2017,9450,Mujer-Hombre,0
46 Valencia/València,2016,9834,Mujer-Hombre,0
46 Valencia/València,2015,9589,Mujer-Hombre,0
46 Valencia/València,2014,9281,Mujer-Hombre,0
46 Valencia/València,2013,8989,Mujer-Hombre,0
46 Valencia/València,2012,9437,Mujer-Hombre,0
46 Valencia/València,2011,9285,Mujer-Hombre,0
46 Valencia/València,2010,9676,Mujer-Hombre,0
46 Valencia/València,2009,10130,Mujer-Hombre,0
46 Valencia/València,2008,11407,Mujer-Hombre,0
46 Valencia/València,2007,12165,Mujer-Hombre,0
46 Valencia/València,2006,12652,Mujer-Hombre,0
46 Valencia/València,2005,13391,Mujer-Hombre,0
47 Valladolid,2020,751,Mujer-Hombre,0
47 Valladolid,2019,1642,Mujer-Hombre,0
47 Valladolid,2018,1642,Mujer-Hombre,0
47 Valladolid,2017,1806,Mujer-Hombre,0
47 Valladolid,2016,1764,Mujer-Hombre,0
47 Valladolid,2015,1784,Mujer-Hombre,0
47 Valladolid,2014,1805,Mujer-Hombre,0
47 Valladolid,2013,1770,Mujer-Hombre,0
47 Valladolid,2012,1975,Mujer-Hombre,0
47 Valladolid,2011,1911,Mujer-Hombre,0
47 Valladolid,2010,1999,Mujer-Hombre,0
47 Valladolid,2009,2147,Mujer-Hombre,0
47 Valladolid,2008,2342,Mujer-Hombre,0
47 Valladolid,2007,2553,Mujer-Hombre,0
47 Valladolid,2006,2504,Mujer-Hombre,0
47 Valladolid,2005,2499,Mujer-Hombre,0
49 Zamora,2020,186,Mujer-Hombre,0
49 Zamora,2019,395,Mujer-Hombre,0
49 Zamora,2018,416,Mujer-Hombre,0
49 Zamora,2017,402,Mujer-Hombre,0
49 Zamora,2016,447,Mujer-Hombre,0
49 Zamora,2015,425,Mujer-Hombre,0
49 Zamora,2014,422,Mujer-Hombre,0
49 Zamora,2013,386,Mujer-Hombre,0
49 Zamora,2012,477,Mujer-Hombre,0
49 Zamora,2011,464,Mujer-Hombre,0
49 Zamora,2010,480,Mujer-Hombre,0
49 Zamora,2009,537,Mujer-Hombre,0
49 Zamora,2008,551,Mujer-Hombre,0
49 Zamora,2007,597,Mujer-Hombre,0
49 Zamora,2006,565,Mujer-Hombre,0
49 Zamora,2005,597,Mujer-Hombre,0
50 Zaragoza,2020,1625,Mujer-Hombre,0
50 Zaragoza,2019,2832,Mujer-Hombre,0
50 Zaragoza,2018,3089,Mujer-Hombre,0
50 Zaragoza,2017,3214,Mujer-Hombre,0
50 Zaragoza,2016,3297,Mujer-Hombre,0
50 Zaragoza,2015,3263,Mujer-Hombre,0
50 Zaragoza,2014,3059,Mujer-Hombre,0
50 Zaragoza,2013,3273,Mujer-Hombre,0
50 Zaragoza,2012,3478,Mujer-Hombre,0
50 Zaragoza,2011,3245,Mujer-Hombre,0
50 Zaragoza,2010,3352,Mujer-Hombre,0
50 Zaragoza,2009,3597,Mujer-Hombre,0
50 Zaragoza,2008,3861,Mujer-Hombre,0
50 Zaragoza,2007,4031,Mujer-Hombre,0
50 Zaragoza,2006,4192,Mujer-Hombre,0
50 Zaragoza,2005,4347,Mujer-Hombre,0
51 Ceuta,2020,253,Mujer-Hombre,0
51 Ceuta,2019,502,Mujer-Hombre,0
51 Ceuta,2018,429,Mujer-Hombre,0
51 Ceuta,2017,445,Mujer-Hombre,0
51 Ceuta,2016,494,Mujer-Hombre,0
51 Ceuta,2015,423,Mujer-Hombre,0
51 Ceuta,2014,394,Mujer-Hombre,0
51 Ceuta,2013,383,Mujer-Hombre,0
51 Ceuta,2012,407,Mujer-Hombre,0
51 Ceuta,2011,445,Mujer-Hombre,0
51 Ceuta,2010,397,Mujer-Hombre,0
51 Ceuta,2009,397,Mujer-Hombre,0
51 Ceuta,2008,366,Mujer-Hombre,0
51 Ceuta,2007,373,Mujer-Hombre,0
51 Ceuta,2006,325,Mujer-Hombre,0
51 Ceuta,2005,361,Mujer-Hombre,0
52 Melilla,2020,157,Mujer-Hombre,0
52 Melilla,2019,306,Mujer-Hombre,0
52 Melilla,2018,313,Mujer-Hombre,0
52 Melilla,2017,362,Mujer-Hombre,0
52 Melilla,2016,395,Mujer-Hombre,0
52 Melilla,2015,288,Mujer-Hombre,0
52 Melilla,2014,319,Mujer-Hombre,0
52 Melilla,2013,311,Mujer-Hombre,0
52 Melilla,2012,381,Mujer-Hombre,0
52 Melilla,2011,323,Mujer-Hombre,0
52 Melilla,2010,444,Mujer-Hombre,0
52 Melilla,2009,409,Mujer-Hombre,0
52 Melilla,2008,470,Mujer-Hombre,0
52 Melilla,2007,525,Mujer-Hombre,0
52 Melilla,2006,399,Mujer-Hombre,0
52 Melilla,2005,323,Mujer-Hombre,0
No residente,2020,373,Mujer-Hombre,0
No residente,2019,1325,Mujer-Hombre,0
No residente,2018,2044,Mujer-Hombre,0
No residente,2017,2259,Mujer-Hombre,0
No residente,2016,2258,Mujer-Hombre,0
No residente,2015,2217,Mujer-Hombre,0
No residente,2014,2245,Mujer-Hombre,0
No residente,2013,1942,Mujer-Hombre,0
No residente,2012,1928,Mujer-Hombre,0
No residente,2011,1578,Mujer-Hombre,0
No residente,2010,1606,Mujer-Hombre,0
No residente,2009,1705,Mujer-Hombre,0
No residente,2008,1899,Mujer-Hombre,0
No residente,2007,1919,Mujer-Hombre,0
No residente,2006,1887,Mujer-Hombre,0
No residente,2005,1714,Mujer-Hombre,0
02 Albacete,2020,9,Mujeres,1
02 Albacete,2019,17,Mujeres,1
02 Albacete,2018,17,Mujeres,1
02 Albacete,2017,7,Mujeres,1
02 Albacete,2016,6,Mujeres,1
02 Albacete,2015,5,Mujeres,1
02 Albacete,2014,8,Mujeres,1
02 Albacete,2013,11,Mujeres,1
02 Albacete,2012,1,Mujeres,1
02 Albacete,2011,5,Mujeres,1
02 Albacete,2010,2,Mujeres,1
02 Albacete,2009,7,Mujeres,1
02 Albacete,2008,4,Mujeres,1
02 Albacete,2007,2,Mujeres,1
02 Albacete,2006,4,Mujeres,1
03 Alicante/Alacant,2020,76,Mujeres,1
03 Alicante/Alacant,2019,117,Mujeres,1
03 Alicante/Alacant,2018,123,Mujeres,1
03 Alicante/Alacant,2017,115,Mujeres,1
03 Alicante/Alacant,2016,87,Mujeres,1
03 Alicante/Alacant,2015,79,Mujeres,1
03 Alicante/Alacant,2014,84,Mujeres,1
03 Alicante/Alacant,2013,68,Mujeres,1
03 Alicante/Alacant,2012,58,Mujeres,1
03 Alicante/Alacant,2011,70,Mujeres,1
03 Alicante/Alacant,2010,39,Mujeres,1
03 Alicante/Alacant,2009,47,Mujeres,1
03 Alicante/Alacant,2008,60,Mujeres,1
03 Alicante/Alacant,2007,39,Mujeres,1
03 Alicante/Alacant,2006,72,Mujeres,1
03 Alicante/Alacant,2005,16,Mujeres,1
04 Almería,2020,21,Mujeres,1
04 Almería,2019,28,Mujeres,1
04 Almería,2018,24,Mujeres,1
04 Almería,2017,21,Mujeres,1
04 Almería,2016,15,Mujeres,1
04 Almería,2015,25,Mujeres,1
04 Almería,2014,11,Mujeres,1
04 Almería,2013,17,Mujeres,1
04 Almería,2012,15,Mujeres,1
04 Almería,2011,19,Mujeres,1
04 Almería,2010,16,Mujeres,1
04 Almería,2009,6,Mujeres,1
04 Almería,2008,14,Mujeres,1
04 Almería,2007,9,Mujeres,1
04 Almería,2006,12,Mujeres,1
04 Almería,2005,1,Mujeres,1
01 Araba/Álava,2020,14,Mujeres,1
01 Araba/Álava,2019,15,Mujeres,1
01 Araba/Álava,2018,15,Mujeres,1
01 Araba/Álava,2017,16,Mujeres,1
01 Araba/Álava,2016,13,Mujeres,1
01 Araba/Álava,2015,12,Mujeres,1
01 Araba/Álava,2014,16,Mujeres,1
01 Araba/Álava,2013,5,Mujeres,1
01 Araba/Álava,2012,6,Mujeres,1
01 Araba/Álava,2011,10,Mujeres,1
01 Araba/Álava,2010,5,Mujeres,1
01 Araba/Álava,2009,10,Mujeres,1
01 Araba/Álava,2008,3,Mujeres,1
01 Araba/Álava,2007,3,Mujeres,1
01 Araba/Álava,2006,8,Mujeres,1
01 Araba/Álava,2005,2,Mujeres,1
33 Asturias,2020,14,Mujeres,1
33 Asturias,2019,34,Mujeres,1
33 Asturias,2018,21,Mujeres,1
33 Asturias,2017,29,Mujeres,1
33 Asturias,2016,18,Mujeres,1
33 Asturias,2015,22,Mujeres,1
33 Asturias,2014,26,Mujeres,1
33 Asturias,2013,14,Mujeres,1
33 Asturias,2012,19,Mujeres,1
33 Asturias,2011,23,Mujeres,1
33 Asturias,2010,20,Mujeres,1
33 Asturias,2009,16,Mujeres,1
33 Asturias,2008,27,Mujeres,1
33 Asturias,2007,22,Mujeres,1
33 Asturias,2006,20,Mujeres,1
33 Asturias,2005,7,Mujeres,1
05 Ávila,2020,1,Mujeres,1
05 Ávila,2019,3,Mujeres,1
05 Ávila,2018,5,Mujeres,1
05 Ávila,2017,2,Mujeres,1
05 Ávila,2016,3,Mujeres,1
05 Ávila,2015,2,Mujeres,1
05 Ávila,2014,1,Mujeres,1
05 Ávila,2013,3,Mujeres,1
05 Ávila,2012,2,Mujeres,1
05 Ávila,2011,4,Mujeres,1
05 Ávila,2010,7,Mujeres,1
05 Ávila,2008,1,Mujeres,1
05 Ávila,2007,1,Mujeres,1
05 Ávila,2006,2,Mujeres,1
05 Ávila,2005,1,Mujeres,1
06 Badajoz,2020,19,Mujeres,1
06 Badajoz,2019,30,Mujeres,1
06 Badajoz,2018,22,Mujeres,1
06 Badajoz,2017,23,Mujeres,1
06 Badajoz,2016,25,Mujeres,1
06 Badajoz,2015,11,Mujeres,1
06 Badajoz,2014,13,Mujeres,1
06 Badajoz,2013,10,Mujeres,1
06 Badajoz,2012,24,Mujeres,1
06 Badajoz,2011,14,Mujeres,1
06 Badajoz,2010,15,Mujeres,1
06 Badajoz,2009,6,Mujeres,1
06 Badajoz,2008,6,Mujeres,1
06 Badajoz,2007,2,Mujeres,1
06 Badajoz,2006,3,Mujeres,1
06 Badajoz,2005,3,Mujeres,1
"07 Balears, Illes",2020,56,Mujeres,1
"07 Balears, Illes",2019,88,Mujeres,1
"07 Balears, Illes",2018,84,Mujeres,1
"07 Balears, Illes",2017,96,Mujeres,1
"07 Balears, Illes",2016,80,Mujeres,1
"07 Balears, Illes",2015,66,Mujeres,1
"07 Balears, Illes",2014,60,Mujeres,1
"07 Balears, Illes",2013,54,Mujeres,1
"07 Balears, Illes",2012,50,Mujeres,1
"07 Balears, Illes",2011,43,Mujeres,1
"07 Balears, Illes",2010,42,Mujeres,1
"07 Balears, Illes",2009,38,Mujeres,1
"07 Balears, Illes",2008,36,Mujeres,1
"07 Balears, Illes",2007,42,Mujeres,1
"07 Balears, Illes",2006,53,Mujeres,1
"07 Balears, Illes",2005,9,Mujeres,1
08 Barcelona,2020,251,Mujeres,1
08 Barcelona,2019,400,Mujeres,1
08 Barcelona,2018,426,Mujeres,1
08 Barcelona,2017,439,Mujeres,1
08 Barcelona,2016,381,Mujeres,1
08 Barcelona,2015,289,Mujeres,1
08 Barcelona,2014,283,Mujeres,1
08 Barcelona,2013,253,Mujeres,1
08 Barcelona,2012,302,Mujeres,1
08 Barcelona,2011,298,Mujeres,1
08 Barcelona,2010,253,Mujeres,1
08 Barcelona,2009,255,Mujeres,1
08 Barcelona,2008,222,Mujeres,1
08 Barcelona,2007,213,Mujeres,1
08 Barcelona,2006,290,Mujeres,1
08 Barcelona,2005,74,Mujeres,1
48 Bizkaia,2020,49,Mujeres,1
48 Bizkaia,2019,59,Mujeres,1
48 Bizkaia,2018,55,Mujeres,1
48 Bizkaia,2017,48,Mujeres,1
48 Bizkaia,2016,45,Mujeres,1
48 Bizkaia,2015,44,Mujeres,1
48 Bizkaia,2014,37,Mujeres,1
48 Bizkaia,2013,34,Mujeres,1
48 Bizkaia,2012,28,Mujeres,1
48 Bizkaia,2011,25,Mujeres,1
48 Bizkaia,2010,29,Mujeres,1
48 Bizkaia,2009,21,Mujeres,1
48 Bizkaia,2008,27,Mujeres,1
48 Bizkaia,2007,23,Mujeres,1
48 Bizkaia,2006,31,Mujeres,1
48 Bizkaia,2005,6,Mujeres,1
09 Burgos,2020,5,Mujeres,1
09 Burgos,2019,10,Mujeres,1
09 Burgos,2018,5,Mujeres,1
09 Burgos,2017,10,Mujeres,1
09 Burgos,2016,7,Mujeres,1
09 Burgos,2015,4,Mujeres,1
09 Burgos,2014,3,Mujeres,1
09 Burgos,2013,5,Mujeres,1
09 Burgos,2012,5,Mujeres,1
09 Burgos,2011,6,Mujeres,1
09 Burgos,2010,3,Mujeres,1
09 Burgos,2009,5,Mujeres,1
09 Burgos,2008,5,Mujeres,1
09 Burgos,2007,8,Mujeres,1
09 Burgos,2006,4,Mujeres,1
09 Burgos,2005,2,Mujeres,1
10 Cáceres,2020,5,Mujeres,1
10 Cáceres,2019,13,Mujeres,1
10 Cáceres,2018,7,Mujeres,1
10 Cáceres,2017,8,Mujeres,1
10 Cáceres,2016,7,Mujeres,1
10 Cáceres,2015,1,Mujeres,1
10 Cáceres,2014,10,Mujeres,1
10 Cáceres,2013,4,Mujeres,1
10 Cáceres,2012,5,Mujeres,1
10 Cáceres,2011,5,Mujeres,1
10 Cáceres,2010,6,Mujeres,1
10 Cáceres,2009,4,Mujeres,1
10 Cáceres,2008,1,Mujeres,1
10 Cáceres,2006,4,Mujeres,1
10 Cáceres,2005,3,Mujeres,1
11 Cádiz,2020,47,Mujeres,1
11 Cádiz,2019,70,Mujeres,1
11 Cádiz,2018,48,Mujeres,1
11 Cádiz,2017,74,Mujeres,1
11 Cádiz,2016,59,Mujeres,1
11 Cádiz,2015,60,Mujeres,1
11 Cádiz,2014,47,Mujeres,1
11 Cádiz,2013,24,Mujeres,1
11 Cádiz,2012,37,Mujeres,1
11 Cádiz,2011,30,Mujeres,1
11 Cádiz,2010,17,Mujeres,1
11 Cádiz,2009,24,Mujeres,1
11 Cádiz,2008,22,Mujeres,1
11 Cádiz,2007,19,Mujeres,1
11 Cádiz,2006,21,Mujeres,1
11 Cádiz,2005,12,Mujeres,1
39 Cantabria,2020,16,Mujeres,1
39 Cantabria,2019,28,Mujeres,1
39 Cantabria,2018,21,Mujeres,1
39 Cantabria,2017,23,Mujeres,1
39 Cantabria,2016,18,Mujeres,1
39 Cantabria,2015,11,Mujeres,1
39 Cantabria,2014,17,Mujeres,1
39 Cantabria,2013,11,Mujeres,1
39 Cantabria,2012,11,Mujeres,1
39 Cantabria,2011,11,Mujeres,1
39 Cantabria,2010,11,Mujeres,1
39 Cantabria,2009,7,Mujeres,1
39 Cantabria,2008,8,Mujeres,1
39 Cantabria,2007,9,Mujeres,1
39 Cantabria,2006,11,Mujeres,1
39 Cantabria,2005,3,Mujeres,1
12 Castellón/Castelló,2020,19,Mujeres,1
12 Castellón/Castelló,2019,27,Mujeres,1
12 Castellón/Castelló,2018,18,Mujeres,1
12 Castellón/Castelló,2017,17,Mujeres,1
12 Castellón/Castelló,2016,25,Mujeres,1
12 Castellón/Castelló,2015,20,Mujeres,1
12 Castellón/Castelló,2014,9,Mujeres,1
12 Castellón/Castelló,2013,13,Mujeres,1
12 Castellón/Castelló,2012,13,Mujeres,1
12 Castellón/Castelló,2011,18,Mujeres,1
12 Castellón/Castelló,2010,16,Mujeres,1
12 Castellón/Castelló,2009,10,Mujeres,1
12 Castellón/Castelló,2008,12,Mujeres,1
12 Castellón/Castelló,2007,16,Mujeres,1
12 Castellón/Castelló,2006,8,Mujeres,1
12 Castellón/Castelló,2005,3,Mujeres,1
13 Ciudad Real,2020,9,Mujeres,1
13 Ciudad Real,2019,15,Mujeres,1
13 Ciudad Real,2018,13,Mujeres,1
13 Ciudad Real,2017,10,Mujeres,1
13 Ciudad Real,2016,12,Mujeres,1
13 Ciudad Real,2015,10,Mujeres,1
13 Ciudad Real,2014,6,Mujeres,1
13 Ciudad Real,2013,5,Mujeres,1
13 Ciudad Real,2012,5,Mujeres,1
13 Ciudad Real,2011,3,Mujeres,1
13 Ciudad Real,2010,3,Mujeres,1
13 Ciudad Real,2009,6,Mujeres,1
13 Ciudad Real,2008,8,Mujeres,1
13 Ciudad Real,2007,2,Mujeres,1
13 Ciudad Real,2006,4,Mujeres,1
14 Córdoba,2020,14,Mujeres,1
14 Córdoba,2019,32,Mujeres,1
14 Córdoba,2018,30,Mujeres,1
14 Córdoba,2017,24,Mujeres,1
14 Córdoba,2016,29,Mujeres,1
14 Córdoba,2015,25,Mujeres,1
14 Córdoba,2014,19,Mujeres,1
14 Córdoba,2013,16,Mujeres,1
14 Córdoba,2012,14,Mujeres,1
14 Córdoba,2011,18,Mujeres,1
14 Córdoba,2010,15,Mujeres,1
14 Córdoba,2009,6,Mujeres,1
14 Córdoba,2008,15,Mujeres,1
14 Córdoba,2007,11,Mujeres,1
14 Córdoba,2006,13,Mujeres,1
14 Córdoba,2005,4,Mujeres,1
"15 Coruña, A",2020,22,Mujeres,1
"15 Coruña, A",2019,30,Mujeres,1
"15 Coruña, A",2018,31,Mujeres,1
"15 Coruña, A",2017,31,Mujeres,1
"15 Coruña, A",2016,36,Mujeres,1
"15 Coruña, A",2015,28,Mujeres,1
"15 Coruña, A",2014,29,Mujeres,1
"15 Coruña, A",2013,19,Mujeres,1
"15 Coruña, A",2012,19,Mujeres,1
"15 Coruña, A",2011,17,Mujeres,1
"15 Coruña, A",2010,24,Mujeres,1
"15 Coruña, A",2009,10,Mujeres,1
"15 Coruña, A",2008,7,Mujeres,1
"15 Coruña, A",2007,15,Mujeres,1
"15 Coruña, A",2006,13,Mujeres,1
"15 Coruña, A",2005,11,Mujeres,1
16 Cuenca,2020,2,Mujeres,1
16 Cuenca,2019,3,Mujeres,1
16 Cuenca,2018,4,Mujeres,1
16 Cuenca,2017,6,Mujeres,1
16 Cuenca,2016,1,Mujeres,1
16 Cuenca,2015,2,Mujeres,1
16 Cuenca,2014,2,Mujeres,1
16 Cuenca,2013,2,Mujeres,1
16 Cuenca,2012,4,Mujeres,1
16 Cuenca,2011,1,Mujeres,1
16 Cuenca,2010,3,Mujeres,1
16 Cuenca,2008,1,Mujeres,1
16 Cuenca,2006,1,Mujeres,1
20 Gipuzkoa,2020,28,Mujeres,1
20 Gipuzkoa,2019,42,Mujeres,1
20 Gipuzkoa,2018,41,Mujeres,1
20 Gipuzkoa,2017,45,Mujeres,1
20 Gipuzkoa,2016,36,Mujeres,1
20 Gipuzkoa,2015,32,Mujeres,1
20 Gipuzkoa,2014,22,Mujeres,1
20 Gipuzkoa,2013,19,Mujeres,1
20 Gipuzkoa,2012,31,Mujeres,1
20 Gipuzkoa,2011,15,Mujeres,1
20 Gipuzkoa,2010,18,Mujeres,1
20 Gipuzkoa,2009,17,Mujeres,1
20 Gipuzkoa,2008,21,Mujeres,1
20 Gipuzkoa,2007,15,Mujeres,1
20 Gipuzkoa,2006,21,Mujeres,1
20 Gipuzkoa,2005,7,Mujeres,1
17 Girona,2020,29,Mujeres,1
17 Girona,2019,48,Mujeres,1
17 Girona,2018,41,Mujeres,1
17 Girona,2017,48,Mujeres,1
17 Girona,2016,40,Mujeres,1
17 Girona,2015,30,Mujeres,1
17 Girona,2014,39,Mujeres,1
17 Girona,2013,21,Mujeres,1
17 Girona,2012,22,Mujeres,1
17 Girona,2011,21,Mujeres,1
17 Girona,2010,20,Mujeres,1
17 Girona,2009,22,Mujeres,1
17 Girona,2008,26,Mujeres,1
17 Girona,2007,17,Mujeres,1
17 Girona,2006,21,Mujeres,1
17 Girona,2005,6,Mujeres,1
18 Granada,2020,30,Mujeres,1
18 Granada,2019,50,Mujeres,1
18 Granada,2018,42,Mujeres,1
18 Granada,2017,45,Mujeres,1
18 Granada,2016,37,Mujeres,1
18 Granada,2015,33,Mujeres,1
18 Granada,2014,27,Mujeres,1
18 Granada,2013,29,Mujeres,1
18 Granada,2012,21,Mujeres,1
18 Granada,2011,23,Mujeres,1
18 Granada,2010,24,Mujeres,1
18 Granada,2009,17,Mujeres,1
18 Granada,2008,28,Mujeres,1
18 Granada,2007,14,Mujeres,1
18 Granada,2006,17,Mujeres,1
18 Granada,2005,3,Mujeres,1
19 Guadalajara,2020,12,Mujeres,1
19 Guadalajara,2019,15,Mujeres,1
19 Guadalajara,2018,10,Mujeres,1
19 Guadalajara,2017,8,Mujeres,1
19 Guadalajara,2016,9,Mujeres,1
19 Guadalajara,2015,10,Mujeres,1
19 Guadalajara,2014,6,Mujeres,1
19 Guadalajara,2013,12,Mujeres,1
19 Guadalajara,2012,4,Mujeres,1
19 Guadalajara,2011,9,Mujeres,1
19 Guadalajara,2010,10,Mujeres,1
19 Guadalajara,2009,7,Mujeres,1
19 Guadalajara,2008,5,Mujeres,1
19 Guadalajara,2007,4,Mujeres,1
19 Guadalajara,2006,10,Mujeres,1
19 Guadalajara,2005,1,Mujeres,1
21 Huelva,2020,16,Mujeres,1
21 Huelva,2019,31,Mujeres,1
21 Huelva,2018,22,Mujeres,1
21 Huelva,2017,27,Mujeres,1
21 Huelva,2016,19,Mujeres,1
21 Huelva,2015,17,Mujeres,1
21 Huelva,2014,12,Mujeres,1
21 Huelva,2013,12,Mujeres,1
21 Huelva,2012,21,Mujeres,1
21 Huelva,2011,19,Mujeres,1
21 Huelva,2010,11,Mujeres,1
21 Huelva,2009,3,Mujeres,1
21 Huelva,2008,11,Mujeres,1
21 Huelva,2007,8,Mujeres,1
21 Huelva,2006,5,Mujeres,1
21 Huelva,2005,4,Mujeres,1
22 Huesca,2020,2,Mujeres,1
22 Huesca,2019,6,Mujeres,1
22 Huesca,2018,1,Mujeres,1
22 Huesca,2017,6,Mujeres,1
22 Huesca,2016,1,Mujeres,1
22 Huesca,2015,2,Mujeres,1
22 Huesca,2014,4,Mujeres,1
22 Huesca,2013,2,Mujeres,1
22 Huesca,2012,2,Mujeres,1
22 Huesca,2011,4,Mujeres,1
22 Huesca,2010,3,Mujeres,1
22 Huesca,2009,2,Mujeres,1
22 Huesca,2008,1,Mujeres,1
22 Huesca,2006,2,Mujeres,1
23 Jaén,2020,10,Mujeres,1
23 Jaén,2019,25,Mujeres,1
23 Jaén,2018,21,Mujeres,1
23 Jaén,2017,18,Mujeres,1
23 Jaén,2016,12,Mujeres,1
23 Jaén,2015,7,Mujeres,1
23 Jaén,2014,8,Mujeres,1
23 Jaén,2013,7,Mujeres,1
23 Jaén,2012,7,Mujeres,1
23 Jaén,2011,7,Mujeres,1
23 Jaén,2010,3,Mujeres,1
23 Jaén,2009,5,Mujeres,1
23 Jaén,2008,2,Mujeres,1
23 Jaén,2007,2,Mujeres,1
23 Jaén,2006,3,Mujeres,1
23 Jaén,2005,2,Mujeres,1
24 León,2020,6,Mujeres,1
24 León,2019,8,Mujeres,1
24 León,2018,9,Mujeres,1
24 León,2017,9,Mujeres,1
24 León,2016,9,Mujeres,1
24 León,2015,8,Mujeres,1
24 León,2014,7,Mujeres,1
24 León,2013,3,Mujeres,1
24 León,2012,7,Mujeres,1
24 León,2011,4,Mujeres,1
24 León,2010,8,Mujeres,1
24 León,2009,5,Mujeres,1
24 León,2008,4,Mujeres,1
24 León,2007,2,Mujeres,1
24 León,2006,4,Mujeres,1
24 León,2005,2,Mujeres,1
25 Lleida,2020,12,Mujeres,1
25 Lleida,2019,13,Mujeres,1
25 Lleida,2018,8,Mujeres,1
25 Lleida,2017,10,Mujeres,1
25 Lleida,2016,10,Mujeres,1
25 Lleida,2015,14,Mujeres,1
25 Lleida,2014,10,Mujeres,1
25 Lleida,2013,5,Mujeres,1
25 Lleida,2012,10,Mujeres,1
25 Lleida,2011,11,Mujeres,1
25 Lleida,2010,6,Mujeres,1
25 Lleida,2009,11,Mujeres,1
25 Lleida,2008,7,Mujeres,1
25 Lleida,2007,6,Mujeres,1
25 Lleida,2006,11,Mujeres,1
25 Lleida,2005,2,Mujeres,1
27 Lugo,2020,5,Mujeres,1
27 Lugo,2019,4,Mujeres,1
27 Lugo,2018,7,Mujeres,1
27 Lugo,2017,7,Mujeres,1
27 Lugo,2016,3,Mujeres,1
27 Lugo,2015,1,Mujeres,1
27 Lugo,2014,3,Mujeres,1
27 Lugo,2013,3,Mujeres,1
27 Lugo,2012,3,Mujeres,1
27 Lugo,2011,4,Mujeres,1
27 Lugo,2010,2,Mujeres,1
27 Lugo,2009,3,Mujeres,1
27 Lugo,2007,1,Mujeres,1
27 Lugo,2006,2,Mujeres,1
28 Madrid,2020,247,Mujeres,1
28 Madrid,2019,482,Mujeres,1
28 Madrid,2018,456,Mujeres,1
28 Madrid,2017,347,Mujeres,1
28 Madrid,2016,329,Mujeres,1
28 Madrid,2015,311,Mujeres,1
28 Madrid,2014,241,Mujeres,1
28 Madrid,2013,268,Mujeres,1
28 Madrid,2012,250,Mujeres,1
28 Madrid,2011,246,Mujeres,1
28 Madrid,2010,193,Mujeres,1
28 Madrid,2009,156,Mujeres,1
28 Madrid,2008,203,Mujeres,1
28 Madrid,2007,186,Mujeres,1
28 Madrid,2006,236,Mujeres,1
28 Madrid,2005,58,Mujeres,1
29 Málaga,2020,77,Mujeres,1
29 Málaga,2019,125,Mujeres,1
29 Málaga,2018,108,Mujeres,1
29 Málaga,2017,84,Mujeres,1
29 Málaga,2016,83,Mujeres,1
29 Málaga,2015,65,Mujeres,1
29 Málaga,2014,49,Mujeres,1
29 Málaga,2013,48,Mujeres,1
29 Málaga,2012,48,Mujeres,1
29 Málaga,2011,35,Mujeres,1
29 Málaga,2010,49,Mujeres,1
29 Málaga,2009,35,Mujeres,1
29 Málaga,2008,40,Mujeres,1
29 Málaga,2007,45,Mujeres,1
29 Málaga,2006,55,Mujeres,1
29 Málaga,2005,10,Mujeres,1
30 Murcia,2020,51,Mujeres,1
30 Murcia,2019,74,Mujeres,1
30 Murcia,2018,84,Mujeres,1
30 Murcia,2017,64,Mujeres,1
30 Murcia,2016,54,Mujeres,1
30 Murcia,2015,46,Mujeres,1
30 Murcia,2014,44,Mujeres,1
30 Murcia,2013,35,Mujeres,1
30 Murcia,2012,46,Mujeres,1
30 Murcia,2011,37,Mujeres,1
30 Murcia,2010,40,Mujeres,1
30 Murcia,2009,24,Mujeres,1
30 Murcia,2008,17,Mujeres,1
30 Murcia,2007,22,Mujeres,1
30 Murcia,2006,22,Mujeres,1
30 Murcia,2005,4,Mujeres,1
31 Navarra,2020,16,Mujeres,1
31 Navarra,2019,34,Mujeres,1
31 Navarra,2018,34,Mujeres,1
31 Navarra,2017,18,Mujeres,1
31 Navarra,2016,28,Mujeres,1
31 Navarra,2015,29,Mujeres,1
31 Navarra,2014,10,Mujeres,1
31 Navarra,2013,10,Mujeres,1
31 Navarra,2012,18,Mujeres,1
31 Navarra,2011,13,Mujeres,1
31 Navarra,2010,20,Mujeres,1
31 Navarra,2009,15,Mujeres,1
31 Navarra,2008,19,Mujeres,1
31 Navarra,2007,12,Mujeres,1
31 Navarra,2006,13,Mujeres,1
31 Navarra,2005,2,Mujeres,1
32 Ourense,2020,5,Mujeres,1
32 Ourense,2019,6,Mujeres,1
32 Ourense,2018,6,Mujeres,1
32 Ourense,2017,5,Mujeres,1
32 Ourense,2016,6,Mujeres,1
32 Ourense,2015,5,Mujeres,1
32 Ourense,2014,2,Mujeres,1
32 Ourense,2012,1,Mujeres,1
32 Ourense,2011,1,Mujeres,1
32 Ourense,2010,2,Mujeres,1
32 Ourense,2009,5,Mujeres,1
32 Ourense,2008,2,Mujeres,1
32 Ourense,2006,2,Mujeres,1
34 Palencia,2020,2,Mujeres,1
34 Palencia,2019,4,Mujeres,1
34 Palencia,2018,2,Mujeres,1
34 Palencia,2017,4,Mujeres,1
34 Palencia,2016,4,Mujeres,1
34 Palencia,2015,1,Mujeres,1
34 Palencia,2013,2,Mujeres,1
34 Palencia,2012,3,Mujeres,1
34 Palencia,2011,3,Mujeres,1
34 Palencia,2010,2,Mujeres,1
34 Palencia,2007,1,Mujeres,1
34 Palencia,2006,1,Mujeres,1
"35 Palmas, Las",2020,63,Mujeres,1
"35 Palmas, Las",2019,122,Mujeres,1
"35 Palmas, Las",2018,103,Mujeres,1
"35 Palmas, Las",2017,86,Mujeres,1
"35 Palmas, Las",2016,95,Mujeres,1
"35 Palmas, Las",2015,86,Mujeres,1
"35 Palmas, Las",2014,67,Mujeres,1
"35 Palmas, Las",2013,69,Mujeres,1
"35 Palmas, Las",2012,57,Mujeres,1
"35 Palmas, Las",2011,57,Mujeres,1
"35 Palmas, Las",2010,41,Mujeres,1
"35 Palmas, Las",2009,43,Mujeres,1
"35 Palmas, Las",2008,50,Mujeres,1
"35 Palmas, Las",2007,41,Mujeres,1
"35 Palmas, Las",2006,53,Mujeres,1
"35 Palmas, Las",2005,10,Mujeres,1
36 Pontevedra,2020,28,Mujeres,1
36 Pontevedra,2019,20,Mujeres,1
36 Pontevedra,2018,19,Mujeres,1
36 Pontevedra,2017,29,Mujeres,1
36 Pontevedra,2016,27,Mujeres,1
36 Pontevedra,2015,17,Mujeres,1
36 Pontevedra,2014,8,Mujeres,1
36 Pontevedra,2013,10,Mujeres,1
36 Pontevedra,2012,10,Mujeres,1
36 Pontevedra,2011,16,Mujeres,1
36 Pontevedra,2010,12,Mujeres,1
36 Pontevedra,2009,10,Mujeres,1
36 Pontevedra,2008,13,Mujeres,1
36 Pontevedra,2007,9,Mujeres,1
36 Pontevedra,2006,12,Mujeres,1
36 Pontevedra,2005,2,Mujeres,1
"26 Rioja, La",2020,18,Mujeres,1
"26 Rioja, La",2019,15,Mujeres,1
"26 Rioja, La",2018,11,Mujeres,1
"26 Rioja, La",2017,8,Mujeres,1
"26 Rioja, La",2016,9,Mujeres,1
"26 Rioja, La",2015,7,Mujeres,1
"26 Rioja, La",2014,9,Mujeres,1
"26 Rioja, La",2013,5,Mujeres,1
"26 Rioja, La",2012,11,Mujeres,1
"26 Rioja, La",2011,8,Mujeres,1
"26 Rioja, La",2010,5,Mujeres,1
"26 Rioja, La",2009,6,Mujeres,1
"26 Rioja, La",2008,4,Mujeres,1
"26 Rioja, La",2007,2,Mujeres,1
"26 Rioja, La",2006,3,Mujeres,1
"26 Rioja, La",2005,3,Mujeres,1
37 Salamanca,2020,1,Mujeres,1
37 Salamanca,2019,12,Mujeres,1
37 Salamanca,2018,8,Mujeres,1
37 Salamanca,2017,7,Mujeres,1
37 Salamanca,2016,7,Mujeres,1
37 Salamanca,2015,7,Mujeres,1
37 Salamanca,2014,4,Mujeres,1
37 Salamanca,2013,9,Mujeres,1
37 Salamanca,2012,8,Mujeres,1
37 Salamanca,2011,4,Mujeres,1
37 Salamanca,2010,3,Mujeres,1
37 Salamanca,2009,3,Mujeres,1
37 Salamanca,2008,7,Mujeres,1
37 Salamanca,2007,2,Mujeres,1
37 Salamanca,2006,2,Mujeres,1
38 Santa Cruz de Tenerife,2020,65,Mujeres,1
38 Santa Cruz de Tenerife,2019,94,Mujeres,1
38 Santa Cruz de Tenerife,2018,78,Mujeres,1
38 Santa Cruz de Tenerife,2017,75,Mujeres,1
38 Santa Cruz de Tenerife,2016,85,Mujeres,1
38 Santa Cruz de Tenerife,2015,55,Mujeres,1
38 Santa Cruz de Tenerife,2014,59,Mujeres,1
38 Santa Cruz de Tenerife,2013,52,Mujeres,1
38 Santa Cruz de Tenerife,2012,42,Mujeres,1
38 Santa Cruz de Tenerife,2011,36,Mujeres,1
38 Santa Cruz de Tenerife,2010,33,Mujeres,1
38 Santa Cruz de Tenerife,2009,41,Mujeres,1
38 Santa Cruz de Tenerife,2008,30,Mujeres,1
38 Santa Cruz de Tenerife,2007,33,Mujeres,1
38 Santa Cruz de Tenerife,2006,29,Mujeres,1
38 Santa Cruz de Tenerife,2005,7,Mujeres,1
40 Segovia,2020,3,Mujeres,1
40 Segovia,2019,4,Mujeres,1
40 Segovia,2018,3,Mujeres,1
40 Segovia,2017,6,Mujeres,1
40 Segovia,2016,4,Mujeres,1
40 Segovia,2015,3,Mujeres,1
40 Segovia,2014,2,Mujeres,1
40 Segovia,2013,2,Mujeres,1
40 Segovia,2012,2,Mujeres,1
40 Segovia,2011,5,Mujeres,1
40 Segovia,2010,6,Mujeres,1
40 Segovia,2009,1,Mujeres,1
40 Segovia,2008,1,Mujeres,1
40 Segovia,2007,1,Mujeres,1
40 Segovia,2006,4,Mujeres,1
40 Segovia,2005,1,Mujeres,1
41 Sevilla,2020,87,Mujeres,1
41 Sevilla,2019,123,Mujeres,1
41 Sevilla,2018,115,Mujeres,1
41 Sevilla,2017,104,Mujeres,1
41 Sevilla,2016,113,Mujeres,1
41 Sevilla,2015,83,Mujeres,1
41 Sevilla,2014,76,Mujeres,1
41 Sevilla,2013,64,Mujeres,1
41 Sevilla,2012,59,Mujeres,1
41 Sevilla,2011,57,Mujeres,1
41 Sevilla,2010,38,Mujeres,1
41 Sevilla,2009,42,Mujeres,1
41 Sevilla,2008,48,Mujeres,1
41 Sevilla,2007,53,Mujeres,1
41 Sevilla,2006,64,Mujeres,1
41 Sevilla,2005,15,Mujeres,1
42 Soria,2020,2,Mujeres,1
42 Soria,2019,3,Mujeres,1
42 Soria,2018,3,Mujeres,1
42 Soria,2016,1,Mujeres,1
42 Soria,2015,2,Mujeres,1
42 Soria,2013,1,Mujeres,1
42 Soria,2011,1,Mujeres,1
42 Soria,2007,1,Mujeres,1
43 Tarragona,2020,29,Mujeres,1
43 Tarragona,2019,38,Mujeres,1
43 Tarragona,2018,39,Mujeres,1
43 Tarragona,2017,26,Mujeres,1
43 Tarragona,2016,28,Mujeres,1
43 Tarragona,2015,34,Mujeres,1
43 Tarragona,2014,21,Mujeres,1
43 Tarragona,2013,29,Mujeres,1
43 Tarragona,2012,39,Mujeres,1
43 Tarragona,2011,29,Mujeres,1
43 Tarragona,2010,24,Mujeres,1
43 Tarragona,2009,21,Mujeres,1
43 Tarragona,2008,19,Mujeres,1
43 Tarragona,2007,22,Mujeres,1
43 Tarragona,2006,24,Mujeres,1
43 Tarragona,2005,11,Mujeres,1
44 Teruel,2020,2,Mujeres,1
44 Teruel,2019,2,Mujeres,1
44 Teruel,2018,1,Mujeres,1
44 Teruel,2017,1,Mujeres,1
44 Teruel,2016,1,Mujeres,1
44 Teruel,2014,2,Mujeres,1
44 Teruel,2012,1,Mujeres,1
44 Teruel,2010,2,Mujeres,1
44 Teruel,2009,1,Mujeres,1
44 Teruel,2008,1,Mujeres,1
44 Teruel,2007,1,Mujeres,1
44 Teruel,2006,1,Mujeres,1
45 Toledo,2020,13,Mujeres,1
45 Toledo,2019,23,Mujeres,1
45 Toledo,2018,31,Mujeres,1
45 Toledo,2017,24,Mujeres,1
45 Toledo,2016,20,Mujeres,1
45 Toledo,2015,17,Mujeres,1
45 Toledo,2014,19,Mujeres,1
45 Toledo,2013,13,Mujeres,1
45 Toledo,2012,23,Mujeres,1
45 Toledo,2011,17,Mujeres,1
45 Toledo,2010,9,Mujeres,1
45 Toledo,2009,9,Mujeres,1
45 Toledo,2008,6,Mujeres,1
45 Toledo,2007,4,Mujeres,1
45 Toledo,2006,5,Mujeres,1
45 Toledo,2005,3,Mujeres,1
46 Valencia/València,2020,138,Mujeres,1
46 Valencia/València,2019,146,Mujeres,1
46 Valencia/València,2018,167,Mujeres,1
46 Valencia/València,2017,142,Mujeres,1
46 Valencia/València,2016,144,Mujeres,1
46 Valencia/València,2015,126,Mujeres,1
46 Valencia/València,2014,114,Mujeres,1
46 Valencia/València,2013,88,Mujeres,1
46 Valencia/València,2012,107,Mujeres,1
46 Valencia/València,2011,121,Mujeres,1
46 Valencia/València,2010,78,Mujeres,1
46 Valencia/València,2009,78,Mujeres,1
46 Valencia/València,2008,68,Mujeres,1
46 Valencia/València,2007,79,Mujeres,1
46 Valencia/València,2006,85,Mujeres,1
46 Valencia/València,2005,36,Mujeres,1
47 Valladolid,2020,12,Mujeres,1
47 Valladolid,2019,16,Mujeres,1
47 Valladolid,2018,12,Mujeres,1
47 Valladolid,2017,12,Mujeres,1
47 Valladolid,2016,10,Mujeres,1
47 Valladolid,2015,10,Mujeres,1
47 Valladolid,2014,7,Mujeres,1
47 Valladolid,2013,3,Mujeres,1
47 Valladolid,2012,9,Mujeres,1
47 Valladolid,2011,7,Mujeres,1
47 Valladolid,2010,7,Mujeres,1
47 Valladolid,2009,4,Mujeres,1
47 Valladolid,2008,4,Mujeres,1
47 Valladolid,2007,3,Mujeres,1
47 Valladolid,2006,5,Mujeres,1
47 Valladolid,2005,2,Mujeres,1
49 Zamora,2018,1,Mujeres,1
49 Zamora,2017,1,Mujeres,1
49 Zamora,2016,1,Mujeres,1
49 Zamora,2015,2,Mujeres,1
49 Zamora,2013,1,Mujeres,1
49 Zamora,2009,1,Mujeres,1
49 Zamora,2007,1,Mujeres,1
49 Zamora,2006,1,Mujeres,1
50 Zaragoza,2020,20,Mujeres,1
50 Zaragoza,2019,32,Mujeres,1
50 Zaragoza,2018,34,Mujeres,1
50 Zaragoza,2017,27,Mujeres,1
50 Zaragoza,2016,26,Mujeres,1
50 Zaragoza,2015,23,Mujeres,1
50 Zaragoza,2014,26,Mujeres,1
50 Zaragoza,2013,26,Mujeres,1
50 Zaragoza,2012,21,Mujeres,1
50 Zaragoza,2011,21,Mujeres,1
50 Zaragoza,2010,28,Mujeres,1
50 Zaragoza,2009,22,Mujeres,1
50 Zaragoza,2008,12,Mujeres,1
50 Zaragoza,2007,14,Mujeres,1
50 Zaragoza,2006,20,Mujeres,1
50 Zaragoza,2005,4,Mujeres,1
51 Ceuta,2020,1,Mujeres,1
51 Ceuta,2019,1,Mujeres,1
51 Ceuta,2017,2,Mujeres,1
51 Ceuta,2016,1,Mujeres,1
51 Ceuta,2014,1,Mujeres,1
51 Ceuta,2012,2,Mujeres,1
51 Ceuta,2011,1,Mujeres,1
51 Ceuta,2010,1,Mujeres,1
51 Ceuta,2009,2,Mujeres,1
51 Ceuta,2008,1,Mujeres,1
51 Ceuta,2007,1,Mujeres,1
51 Ceuta,2005,1,Mujeres,1
52 Melilla,2020,1,Mujeres,1
52 Melilla,2019,3,Mujeres,1
52 Melilla,2018,7,Mujeres,1
52 Melilla,2017,2,Mujeres,1
52 Melilla,2016,2,Mujeres,1
52 Melilla,2015,2,Mujeres,1
52 Melilla,2014,2,Mujeres,1
52 Melilla,2011,2,Mujeres,1
52 Melilla,2009,3,Mujeres,1
52 Melilla,2008,2,Mujeres,1
52 Melilla,2007,2,Mujeres,1
No residente,2020,5,Mujeres,1
No residente,2019,9,Mujeres,1
No residente,2018,19,Mujeres,1
No residente,2017,18,Mujeres,1
No residente,2016,11,Mujeres,1
No residente,2015,12,Mujeres,1
No residente,2014,14,Mujeres,1
No residente,2013,7,Mujeres,1
No residente,2012,17,Mujeres,1
No residente,2011,13,Mujeres,1
No residente,2010,14,Mujeres,1
No residente,2009,6,Mujeres,1
No residente,2008,12,Mujeres,1
No residente,2007,12,Mujeres,1
No residente,2006,6,Mujeres,1
No residente,2005,2,Mujeres,1
02 Albacete,2020,6,Hombres,2
02 Albacete,2019,8,Hombres,2
02 Albacete,2018,10,Hombres,2
02 Albacete,2017,9,Hombres,2
02 Albacete,2016,6,Hombres,2
02 Albacete,2015,8,Hombres,2
02 Albacete,2014,8,Hombres,2
02 Albacete,2013,1,Hombres,2
02 Albacete,2012,6,Hombres,2
02 Albacete,2011,7,Hombres,2
02 Albacete,2010,5,Hombres,2
02 Albacete,2009,3,Hombres,2
02 Albacete,2008,3,Hombres,2
02 Albacete,2007,2,Hombres,2
02 Albacete,2006,9,Hombres,2
02 Albacete,2005,1,Hombres,2
03 Alicante/Alacant,2020,82,Hombres,2
03 Alicante/Alacant,2019,96,Hombres,2
03 Alicante/Alacant,2018,116,Hombres,2
03 Alicante/Alacant,2017,137,Hombres,2
03 Alicante/Alacant,2016,109,Hombres,2
03 Alicante/Alacant,2015,88,Hombres,2
03 Alicante/Alacant,2014,91,Hombres,2
03 Alicante/Alacant,2013,79,Hombres,2
03 Alicante/Alacant,2012,95,Hombres,2
03 Alicante/Alacant,2011,86,Hombres,2
03 Alicante/Alacant,2010,83,Hombres,2
03 Alicante/Alacant,2009,101,Hombres,2
03 Alicante/Alacant,2008,90,Hombres,2
03 Alicante/Alacant,2007,117,Hombres,2
03 Alicante/Alacant,2006,168,Hombres,2
03 Alicante/Alacant,2005,39,Hombres,2
04 Almería,2020,17,Hombres,2
04 Almería,2019,25,Hombres,2
04 Almería,2018,19,Hombres,2
04 Almería,2017,22,Hombres,2
04 Almería,2016,13,Hombres,2
04 Almería,2015,16,Hombres,2
04 Almería,2014,13,Hombres,2
04 Almería,2013,22,Hombres,2
04 Almería,2012,9,Hombres,2
04 Almería,2011,16,Hombres,2
04 Almería,2010,20,Hombres,2
04 Almería,2009,11,Hombres,2
04 Almería,2008,21,Hombres,2
04 Almería,2007,12,Hombres,2
04 Almería,2006,30,Hombres,2
04 Almería,2005,5,Hombres,2
01 Araba/Álava,2020,7,Hombres,2
01 Araba/Álava,2019,13,Hombres,2
01 Araba/Álava,2018,11,Hombres,2
01 Araba/Álava,2017,7,Hombres,2
01 Araba/Álava,2016,7,Hombres,2
01 Araba/Álava,2015,6,Hombres,2
01 Araba/Álava,2014,9,Hombres,2
01 Araba/Álava,2013,11,Hombres,2
01 Araba/Álava,2012,4,Hombres,2
01 Araba/Álava,2011,15,Hombres,2
01 Araba/Álava,2010,13,Hombres,2
01 Araba/Álava,2009,2,Hombres,2
01 Araba/Álava,2008,6,Hombres,2
01 Araba/Álava,2007,10,Hombres,2
01 Araba/Álava,2006,6,Hombres,2
01 Araba/Álava,2005,6,Hombres,2
33 Asturias,2020,28,Hombres,2
33 Asturias,2019,45,Hombres,2
33 Asturias,2018,29,Hombres,2
33 Asturias,2017,36,Hombres,2
33 Asturias,2016,30,Hombres,2
33 Asturias,2015,32,Hombres,2
33 Asturias,2014,23,Hombres,2
33 Asturias,2013,22,Hombres,2
33 Asturias,2012,25,Hombres,2
33 Asturias,2011,23,Hombres,2
33 Asturias,2010,34,Hombres,2
33 Asturias,2009,36,Hombres,2
33 Asturias,2008,35,Hombres,2
33 Asturias,2007,27,Hombres,2
33 Asturias,2006,51,Hombres,2
33 Asturias,2005,24,Hombres,2
05 Ávila,2020,1,Hombres,2
05 Ávila,2019,3,Hombres,2
05 Ávila,2018,3,Hombres,2
05 Ávila,2017,2,Hombres,2
05 Ávila,2016,5,Hombres,2
05 Ávila,2014,3,Hombres,2
05 Ávila,2012,1,Hombres,2
05 Ávila,2010,1,Hombres,2
05 Ávila,2009,4,Hombres,2
05 Ávila,2008,2,Hombres,2
05 Ávila,2007,2,Hombres,2
05 Ávila,2006,2,Hombres,2
06 Badajoz,2020,6,Hombres,2
06 Badajoz,2019,17,Hombres,2
06 Badajoz,2018,25,Hombres,2
06 Badajoz,2017,18,Hombres,2
06 Badajoz,2016,11,Hombres,2
06 Badajoz,2015,13,Hombres,2
06 Badajoz,2014,9,Hombres,2
06 Badajoz,2013,9,Hombres,2
06 Badajoz,2012,15,Hombres,2
06 Badajoz,2011,14,Hombres,2
06 Badajoz,2010,10,Hombres,2
06 Badajoz,2009,13,Hombres,2
06 Badajoz,2008,7,Hombres,2
06 Badajoz,2007,6,Hombres,2
06 Badajoz,2006,7,Hombres,2
06 Badajoz,2005,2,Hombres,2
"07 Balears, Illes",2020,57,Hombres,2
"07 Balears, Illes",2019,114,Hombres,2
"07 Balears, Illes",2018,110,Hombres,2
"07 Balears, Illes",2017,84,Hombres,2
"07 Balears, Illes",2016,78,Hombres,2
"07 Balears, Illes",2015,72,Hombres,2
"07 Balears, Illes",2014,63,Hombres,2
"07 Balears, Illes",2013,75,Hombres,2
"07 Balears, Illes",2012,56,Hombres,2
"07 Balears, Illes",2011,82,Hombres,2
"07 Balears, Illes",2010,71,Hombres,2
"07 Balears, Illes",2009,86,Hombres,2
"07 Balears, Illes",2008,56,Hombres,2
"07 Balears, Illes",2007,87,Hombres,2
"07 Balears, Illes",2006,95,Hombres,2
"07 Balears, Illes",2005,33,Hombres,2
08 Barcelona,2020,191,Hombres,2
08 Barcelona,2019,349,Hombres,2
08 Barcelona,2018,410,Hombres,2
08 Barcelona,2017,434,Hombres,2
08 Barcelona,2016,414,Hombres,2
08 Barcelona,2015,365,Hombres,2
08 Barcelona,2014,304,Hombres,2
08 Barcelona,2013,334,Hombres,2
08 Barcelona,2012,413,Hombres,2
08 Barcelona,2011,453,Hombres,2
08 Barcelona,2010,446,Hombres,2
08 Barcelona,2009,466,Hombres,2
08 Barcelona,2008,474,Hombres,2
08 Barcelona,2007,446,Hombres,2
08 Barcelona,2006,636,Hombres,2
08 Barcelona,2005,146,Hombres,2
48 Bizkaia,2020,32,Hombres,2
48 Bizkaia,2019,41,Hombres,2
48 Bizkaia,2018,40,Hombres,2
48 Bizkaia,2017,31,Hombres,2
48 Bizkaia,2016,42,Hombres,2
48 Bizkaia,2015,26,Hombres,2
48 Bizkaia,2014,26,Hombres,2
48 Bizkaia,2013,28,Hombres,2
48 Bizkaia,2012,36,Hombres,2
48 Bizkaia,2011,35,Hombres,2
48 Bizkaia,2010,25,Hombres,2
48 Bizkaia,2009,29,Hombres,2
48 Bizkaia,2008,34,Hombres,2
48 Bizkaia,2007,19,Hombres,2
48 Bizkaia,2006,47,Hombres,2
48 Bizkaia,2005,28,Hombres,2
09 Burgos,2020,5,Hombres,2
09 Burgos,2019,6,Hombres,2
09 Burgos,2018,1,Hombres,2
09 Burgos,2017,6,Hombres,2
09 Burgos,2016,5,Hombres,2
09 Burgos,2015,5,Hombres,2
09 Burgos,2014,3,Hombres,2
09 Burgos,2013,5,Hombres,2
09 Burgos,2012,6,Hombres,2
09 Burgos,2011,3,Hombres,2
09 Burgos,2010,1,Hombres,2
09 Burgos,2009,4,Hombres,2
09 Burgos,2008,4,Hombres,2
09 Burgos,2007,5,Hombres,2
09 Burgos,2006,2,Hombres,2
10 Cáceres,2020,4,Hombres,2
10 Cáceres,2019,8,Hombres,2
10 Cáceres,2018,12,Hombres,2
10 Cáceres,2017,7,Hombres,2
10 Cáceres,2016,2,Hombres,2
10 Cáceres,2015,5,Hombres,2
10 Cáceres,2014,7,Hombres,2
10 Cáceres,2013,3,Hombres,2
10 Cáceres,2012,6,Hombres,2
10 Cáceres,2011,4,Hombres,2
10 Cáceres,2010,5,Hombres,2
10 Cáceres,2009,3,Hombres,2
10 Cáceres,2008,4,Hombres,2
10 Cáceres,2007,7,Hombres,2
10 Cáceres,2006,7,Hombres,2
10 Cáceres,2005,3,Hombres,2
11 Cádiz,2020,17,Hombres,2
11 Cádiz,2019,54,Hombres,2
11 Cádiz,2018,52,Hombres,2
11 Cádiz,2017,42,Hombres,2
11 Cádiz,2016,36,Hombres,2
11 Cádiz,2015,33,Hombres,2
11 Cádiz,2014,39,Hombres,2
11 Cádiz,2013,25,Hombres,2
11 Cádiz,2012,26,Hombres,2
11 Cádiz,2011,31,Hombres,2
11 Cádiz,2010,37,Hombres,2
11 Cádiz,2009,31,Hombres,2
11 Cádiz,2008,22,Hombres,2
11 Cádiz,2007,31,Hombres,2
11 Cádiz,2006,54,Hombres,2
11 Cádiz,2005,23,Hombres,2
39 Cantabria,2020,19,Hombres,2
39 Cantabria,2019,21,Hombres,2
39 Cantabria,2018,20,Hombres,2
39 Cantabria,2017,19,Hombres,2
39 Cantabria,2016,18,Hombres,2
39 Cantabria,2015,16,Hombres,2
39 Cantabria,2014,11,Hombres,2
39 Cantabria,2013,15,Hombres,2
39 Cantabria,2012,12,Hombres,2
39 Cantabria,2011,16,Hombres,2
39 Cantabria,2010,9,Hombres,2
39 Cantabria,2009,11,Hombres,2
39 Cantabria,2008,19,Hombres,2
39 Cantabria,2007,12,Hombres,2
39 Cantabria,2006,18,Hombres,2
39 Cantabria,2005,9,Hombres,2
12 Castellón/Castelló,2020,12,Hombres,2
12 Castellón/Castelló,2019,19,Hombres,2
12 Castellón/Castelló,2018,27,Hombres,2
12 Castellón/Castelló,2017,17,Hombres,2
12 Castellón/Castelló,2016,10,Hombres,2
12 Castellón/Castelló,2015,19,Hombres,2
12 Castellón/Castelló,2014,10,Hombres,2
12 Castellón/Castelló,2013,7,Hombres,2
12 Castellón/Castelló,2012,19,Hombres,2
12 Castellón/Castelló,2011,16,Hombres,2
12 Castellón/Castelló,2010,13,Hombres,2
12 Castellón/Castelló,2009,10,Hombres,2
12 Castellón/Castelló,2008,13,Hombres,2
12 Castellón/Castelló,2007,13,Hombres,2
12 Castellón/Castelló,2006,20,Hombres,2
12 Castellón/Castelló,2005,5,Hombres,2
13 Ciudad Real,2020,2,Hombres,2
13 Ciudad Real,2019,13,Hombres,2
13 Ciudad Real,2018,21,Hombres,2
13 Ciudad Real,2017,10,Hombres,2
13 Ciudad Real,2016,9,Hombres,2
13 Ciudad Real,2015,2,Hombres,2
13 Ciudad Real,2014,5,Hombres,2
13 Ciudad Real,2013,6,Hombres,2
13 Ciudad Real,2012,5,Hombres,2
13 Ciudad Real,2011,6,Hombres,2
13 Ciudad Real,2010,5,Hombres,2
13 Ciudad Real,2009,5,Hombres,2
13 Ciudad Real,2008,6,Hombres,2
13 Ciudad Real,2007,7,Hombres,2
13 Ciudad Real,2006,9,Hombres,2
13 Ciudad Real,2005,5,Hombres,2
14 Córdoba,2020,17,Hombres,2
14 Córdoba,2019,28,Hombres,2
14 Córdoba,2018,29,Hombres,2
14 Córdoba,2017,28,Hombres,2
14 Córdoba,2016,24,Hombres,2
14 Córdoba,2015,12,Hombres,2
14 Córdoba,2014,17,Hombres,2
14 Córdoba,2013,9,Hombres,2
14 Córdoba,2012,11,Hombres,2
14 Córdoba,2011,19,Hombres,2
14 Córdoba,2010,14,Hombres,2
14 Córdoba,2009,18,Hombres,2
14 Córdoba,2008,11,Hombres,2
14 Córdoba,2007,18,Hombres,2
14 Córdoba,2006,23,Hombres,2
14 Córdoba,2005,4,Hombres,2
"15 Coruña, A",2020,19,Hombres,2
"15 Coruña, A",2019,45,Hombres,2
"15 Coruña, A",2018,34,Hombres,2
"15 Coruña, A",2017,36,Hombres,2
"15 Coruña, A",2016,28,Hombres,2
"15 Coruña, A",2015,26,Hombres,2
"15 Coruña, A",2014,22,Hombres,2
"15 Coruña, A",2013,22,Hombres,2
"15 Coruña, A",2012,30,Hombres,2
"15 Coruña, A",2011,32,Hombres,2
"15 Coruña, A",2010,21,Hombres,2
"15 Coruña, A",2009,25,Hombres,2
"15 Coruña, A",2008,30,Hombres,2
"15 Coruña, A",2007,25,Hombres,2
"15 Coruña, A",2006,24,Hombres,2
"15 Coruña, A",2005,16,Hombres,2
16 Cuenca,2020,1,Hombres,2
16 Cuenca,2019,3,Hombres,2
16 Cuenca,2018,2,Hombres,2
16 Cuenca,2017,4,Hombres,2
16 Cuenca,2015,7,Hombres,2
16 Cuenca,2014,3,Hombres,2
16 Cuenca,2013,2,Hombres,2
16 Cuenca,2012,1,Hombres,2
16 Cuenca,2010,3,Hombres,2
16 Cuenca,2008,3,Hombres,2
16 Cuenca,2007,1,Hombres,2
16 Cuenca,2006,1,Hombres,2
16 Cuenca,2005,1,Hombres,2
20 Gipuzkoa,2020,6,Hombres,2
20 Gipuzkoa,2019,23,Hombres,2
20 Gipuzkoa,2018,29,Hombres,2
20 Gipuzkoa,2017,30,Hombres,2
20 Gipuzkoa,2016,26,Hombres,2
20 Gipuzkoa,2015,18,Hombres,2
20 Gipuzkoa,2014,17,Hombres,2
20 Gipuzkoa,2013,17,Hombres,2
20 Gipuzkoa,2012,19,Hombres,2
20 Gipuzkoa,2011,25,Hombres,2
20 Gipuzkoa,2010,23,Hombres,2
20 Gipuzkoa,2009,23,Hombres,2
20 Gipuzkoa,2008,9,Hombres,2
20 Gipuzkoa,2007,22,Hombres,2
20 Gipuzkoa,2006,37,Hombres,2
20 Gipuzkoa,2005,19,Hombres,2
17 Girona,2020,15,Hombres,2
17 Girona,2019,27,Hombres,2
17 Girona,2018,21,Hombres,2
17 Girona,2017,27,Hombres,2
17 Girona,2016,37,Hombres,2
17 Girona,2015,30,Hombres,2
17 Girona,2014,23,Hombres,2
17 Girona,2013,24,Hombres,2
17 Girona,2012,31,Hombres,2
17 Girona,2011,36,Hombres,2
17 Girona,2010,27,Hombres,2
17 Girona,2009,33,Hombres,2
17 Girona,2008,26,Hombres,2
17 Girona,2007,28,Hombres,2
17 Girona,2006,42,Hombres,2
17 Girona,2005,22,Hombres,2
18 Granada,2020,25,Hombres,2
18 Granada,2019,57,Hombres,2
18 Granada,2018,29,Hombres,2
18 Granada,2017,36,Hombres,2
18 Granada,2016,41,Hombres,2
18 Granada,2015,31,Hombres,2
18 Granada,2014,23,Hombres,2
18 Granada,2013,18,Hombres,2
18 Granada,2012,30,Hombres,2
18 Granada,2011,30,Hombres,2
18 Granada,2010,16,Hombres,2
18 Granada,2009,30,Hombres,2
18 Granada,2008,31,Hombres,2
18 Granada,2007,24,Hombres,2
18 Granada,2006,49,Hombres,2
18 Granada,2005,10,Hombres,2
19 Guadalajara,2020,4,Hombres,2
19 Guadalajara,2019,9,Hombres,2
19 Guadalajara,2018,8,Hombres,2
19 Guadalajara,2017,6,Hombres,2
19 Guadalajara,2016,7,Hombres,2
19 Guadalajara,2015,3,Hombres,2
19 Guadalajara,2014,7,Hombres,2
19 Guadalajara,2013,5,Hombres,2
19 Guadalajara,2012,4,Hombres,2
19 Guadalajara,2011,10,Hombres,2
19 Guadalajara,2010,11,Hombres,2
19 Guadalajara,2009,4,Hombres,2
19 Guadalajara,2008,7,Hombres,2
19 Guadalajara,2007,8,Hombres,2
19 Guadalajara,2006,12,Hombres,2
19 Guadalajara,2005,1,Hombres,2
21 Huelva,2020,13,Hombres,2
21 Huelva,2019,12,Hombres,2
21 Huelva,2018,10,Hombres,2
21 Huelva,2017,14,Hombres,2
21 Huelva,2016,21,Hombres,2
21 Huelva,2015,17,Hombres,2
21 Huelva,2014,12,Hombres,2
21 Huelva,2013,11,Hombres,2
21 Huelva,2012,12,Hombres,2
21 Huelva,2011,8,Hombres,2
21 Huelva,2010,11,Hombres,2
21 Huelva,2009,7,Hombres,2
21 Huelva,2008,13,Hombres,2
21 Huelva,2007,5,Hombres,2
21 Huelva,2006,9,Hombres,2
21 Huelva,2005,6,Hombres,2
22 Huesca,2020,2,Hombres,2
22 Huesca,2019,3,Hombres,2
22 Huesca,2018,1,Hombres,2
22 Huesca,2017,2,Hombres,2
22 Huesca,2016,2,Hombres,2
22 Huesca,2015,4,Hombres,2
22 Huesca,2014,2,Hombres,2
22 Huesca,2013,1,Hombres,2
22 Huesca,2012,1,Hombres,2
22 Huesca,2011,3,Hombres,2
22 Huesca,2010,6,Hombres,2
22 Huesca,2009,1,Hombres,2
22 Huesca,2008,6,Hombres,2
22 Huesca,2007,1,Hombres,2
22 Huesca,2006,6,Hombres,2
22 Huesca,2005,1,Hombres,2
23 Jaén,2020,17,Hombres,2
23 Jaén,2019,21,Hombres,2
23 Jaén,2018,20,Hombres,2
23 Jaén,2017,16,Hombres,2
23 Jaén,2016,15,Hombres,2
23 Jaén,2015,9,Hombres,2
23 Jaén,2014,10,Hombres,2
23 Jaén,2013,8,Hombres,2
23 Jaén,2012,7,Hombres,2
23 Jaén,2011,9,Hombres,2
23 Jaén,2010,9,Hombres,2
23 Jaén,2009,5,Hombres,2
23 Jaén,2008,10,Hombres,2
23 Jaén,2007,6,Hombres,2
23 Jaén,2006,11,Hombres,2
23 Jaén,2005,5,Hombres,2
24 León,2020,7,Hombres,2
24 León,2019,7,Hombres,2
24 León,2018,8,Hombres,2
24 León,2017,7,Hombres,2
24 León,2016,12,Hombres,2
24 León,2015,12,Hombres,2
24 León,2014,8,Hombres,2
24 León,2013,2,Hombres,2
24 León,2012,6,Hombres,2
24 León,2011,8,Hombres,2
24 León,2010,4,Hombres,2
24 León,2009,7,Hombres,2
24 León,2008,4,Hombres,2
24 León,2007,11,Hombres,2
24 León,2006,9,Hombres,2
24 León,2005,1,Hombres,2
25 Lleida,2020,11,Hombres,2
25 Lleida,2019,15,Hombres,2
25 Lleida,2018,9,Hombres,2
25 Lleida,2017,6,Hombres,2
25 Lleida,2016,13,Hombres,2
25 Lleida,2015,10,Hombres,2
25 Lleida,2014,7,Hombres,2
25 Lleida,2013,5,Hombres,2
25 Lleida,2012,8,Hombres,2
25 Lleida,2011,4,Hombres,2
25 Lleida,2010,15,Hombres,2
25 Lleida,2009,9,Hombres,2
25 Lleida,2008,13,Hombres,2
25 Lleida,2007,5,Hombres,2
25 Lleida,2006,16,Hombres,2
25 Lleida,2005,6,Hombres,2
27 Lugo,2020,3,Hombres,2
27 Lugo,2019,1,Hombres,2
27 Lugo,2018,6,Hombres,2
27 Lugo,2017,7,Hombres,2
27 Lugo,2016,4,Hombres,2
27 Lugo,2015,5,Hombres,2
27 Lugo,2014,2,Hombres,2
27 Lugo,2013,3,Hombres,2
27 Lugo,2012,6,Hombres,2
27 Lugo,2011,1,Hombres,2
27 Lugo,2010,2,Hombres,2
27 Lugo,2009,1,Hombres,2
27 Lugo,2008,2,Hombres,2
27 Lugo,2007,4,Hombres,2
27 Lugo,2006,4,Hombres,2
28 Madrid,2020,324,Hombres,2
28 Madrid,2019,540,Hombres,2
28 Madrid,2018,500,Hombres,2
28 Madrid,2017,487,Hombres,2
28 Madrid,2016,453,Hombres,2
28 Madrid,2015,415,Hombres,2
28 Madrid,2014,352,Hombres,2
28 Madrid,2013,366,Hombres,2
28 Madrid,2012,424,Hombres,2
28 Madrid,2011,483,Hombres,2
28 Madrid,2010,440,Hombres,2
28 Madrid,2009,397,Hombres,2
28 Madrid,2008,469,Hombres,2
28 Madrid,2007,454,Hombres,2
28 Madrid,2006,662,Hombres,2
28 Madrid,2005,200,Hombres,2
29 Málaga,2020,80,Hombres,2
29 Málaga,2019,112,Hombres,2
29 Málaga,2018,119,Hombres,2
29 Málaga,2017,99,Hombres,2
29 Málaga,2016,108,Hombres,2
29 Málaga,2015,82,Hombres,2
29 Málaga,2014,66,Hombres,2
29 Málaga,2013,68,Hombres,2
29 Málaga,2012,82,Hombres,2
29 Málaga,2011,91,Hombres,2
29 Málaga,2010,103,Hombres,2
29 Málaga,2009,102,Hombres,2
29 Málaga,2008,123,Hombres,2
29 Málaga,2007,120,Hombres,2
29 Málaga,2006,165,Hombres,2
29 Málaga,2005,23,Hombres,2
30 Murcia,2020,37,Hombres,2
30 Murcia,2019,64,Hombres,2
30 Murcia,2018,61,Hombres,2
30 Murcia,2017,57,Hombres,2
30 Murcia,2016,56,Hombres,2
30 Murcia,2015,39,Hombres,2
30 Murcia,2014,51,Hombres,2
30 Murcia,2013,31,Hombres,2
30 Murcia,2012,44,Hombres,2
30 Murcia,2011,34,Hombres,2
30 Murcia,2010,45,Hombres,2
30 Murcia,2009,38,Hombres,2
30 Murcia,2008,42,Hombres,2
30 Murcia,2007,46,Hombres,2
30 Murcia,2006,41,Hombres,2
30 Murcia,2005,11,Hombres,2
31 Navarra,2020,14,Hombres,2
31 Navarra,2019,26,Hombres,2
31 Navarra,2018,16,Hombres,2
31 Navarra,2017,17,Hombres,2
31 Navarra,2016,12,Hombres,2
31 Navarra,2015,21,Hombres,2
31 Navarra,2014,11,Hombres,2
31 Navarra,2013,16,Hombres,2
31 Navarra,2012,13,Hombres,2
31 Navarra,2011,11,Hombres,2
31 Navarra,2010,18,Hombres,2
31 Navarra,2009,16,Hombres,2
31 Navarra,2008,14,Hombres,2
31 Navarra,2007,15,Hombres,2
31 Navarra,2006,23,Hombres,2
31 Navarra,2005,11,Hombres,2
32 Ourense,2020,4,Hombres,2
32 Ourense,2019,8,Hombres,2
32 Ourense,2018,5,Hombres,2
32 Ourense,2017,8,Hombres,2
32 Ourense,2016,3,Hombres,2
32 Ourense,2015,6,Hombres,2
32 Ourense,2014,2,Hombres,2
32 Ourense,2013,4,Hombres,2
32 Ourense,2012,3,Hombres,2
32 Ourense,2011,1,Hombres,2
32 Ourense,2010,3,Hombres,2
32 Ourense,2009,2,Hombres,2
32 Ourense,2008,4,Hombres,2
32 Ourense,2007,3,Hombres,2
32 Ourense,2006,2,Hombres,2
34 Palencia,2020,4,Hombres,2
34 Palencia,2019,2,Hombres,2
34 Palencia,2018,6,Hombres,2
34 Palencia,2017,1,Hombres,2
34 Palencia,2015,1,Hombres,2
34 Palencia,2014,3,Hombres,2
34 Palencia,2012,3,Hombres,2
34 Palencia,2011,1,Hombres,2
34 Palencia,2010,3,Hombres,2
34 Palencia,2009,4,Hombres,2
34 Palencia,2007,1,Hombres,2
34 Palencia,2006,5,Hombres,2
34 Palencia,2005,4,Hombres,2
"35 Palmas, Las",2020,74,Hombres,2
"35 Palmas, Las",2019,115,Hombres,2
"35 Palmas, Las",2018,77,Hombres,2
"35 Palmas, Las",2017,91,Hombres,2
"35 Palmas, Las",2016,86,Hombres,2
"35 Palmas, Las",2015,70,Hombres,2
"35 Palmas, Las",2014,63,Hombres,2
"35 Palmas, Las",2013,63,Hombres,2
"35 Palmas, Las",2012,68,Hombres,2
"35 Palmas, Las",2011,58,Hombres,2
"35 Palmas, Las",2010,58,Hombres,2
"35 Palmas, Las",2009,67,Hombres,2
"35 Palmas, Las",2008,59,Hombres,2
"35 Palmas, Las",2007,91,Hombres,2
"35 Palmas, Las",2006,98,Hombres,2
"35 Palmas, Las",2005,22,Hombres,2
36 Pontevedra,2020,15,Hombres,2
36 Pontevedra,2019,22,Hombres,2
36 Pontevedra,2018,16,Hombres,2
36 Pontevedra,2017,14,Hombres,2
36 Pontevedra,2016,26,Hombres,2
36 Pontevedra,2015,10,Hombres,2
36 Pontevedra,2014,17,Hombres,2
36 Pontevedra,2013,21,Hombres,2
36 Pontevedra,2012,13,Hombres,2
36 Pontevedra,2011,20,Hombres,2
36 Pontevedra,2010,14,Hombres,2
36 Pontevedra,2009,13,Hombres,2
36 Pontevedra,2008,16,Hombres,2
36 Pontevedra,2007,17,Hombres,2
36 Pontevedra,2006,18,Hombres,2
36 Pontevedra,2005,9,Hombres,2
"26 Rioja, La",2020,5,Hombres,2
"26 Rioja, La",2019,9,Hombres,2
"26 Rioja, La",2018,13,Hombres,2
"26 Rioja, La",2017,8,Hombres,2
"26 Rioja, La",2016,8,Hombres,2
"26 Rioja, La",2015,8,Hombres,2
"26 Rioja, La",2014,4,Hombres,2
"26 Rioja, La",2013,4,Hombres,2
"26 Rioja, La",2012,11,Hombres,2
"26 Rioja, La",2011,14,Hombres,2
"26 Rioja, La",2010,4,Hombres,2
"26 Rioja, La",2009,6,Hombres,2
"26 Rioja, La",2008,5,Hombres,2
"26 Rioja, La",2007,6,Hombres,2
"26 Rioja, La",2006,9,Hombres,2
"26 Rioja, La",2005,2,Hombres,2
37 Salamanca,2020,5,Hombres,2
37 Salamanca,2019,12,Hombres,2
37 Salamanca,2018,7,Hombres,2
37 Salamanca,2017,4,Hombres,2
37 Salamanca,2016,6,Hombres,2
37 Salamanca,2015,6,Hombres,2
37 Salamanca,2014,4,Hombres,2
37 Salamanca,2013,7,Hombres,2
37 Salamanca,2012,5,Hombres,2
37 Salamanca,2011,5,Hombres,2
37 Salamanca,2010,3,Hombres,2
37 Salamanca,2009,4,Hombres,2
37 Salamanca,2008,4,Hombres,2
37 Salamanca,2007,10,Hombres,2
37 Salamanca,2006,9,Hombres,2
37 Salamanca,2005,3,Hombres,2
38 Santa Cruz de Tenerife,2020,59,Hombres,2
38 Santa Cruz de Tenerife,2019,92,Hombres,2
38 Santa Cruz de Tenerife,2018,75,Hombres,2
38 Santa Cruz de Tenerife,2017,75,Hombres,2
38 Santa Cruz de Tenerife,2016,68,Hombres,2
38 Santa Cruz de Tenerife,2015,54,Hombres,2
38 Santa Cruz de Tenerife,2014,56,Hombres,2
38 Santa Cruz de Tenerife,2013,35,Hombres,2
38 Santa Cruz de Tenerife,2012,53,Hombres,2
38 Santa Cruz de Tenerife,2011,52,Hombres,2
38 Santa Cruz de Tenerife,2010,55,Hombres,2
38 Santa Cruz de Tenerife,2009,55,Hombres,2
38 Santa Cruz de Tenerife,2008,46,Hombres,2
38 Santa Cruz de Tenerife,2007,56,Hombres,2
38 Santa Cruz de Tenerife,2006,95,Hombres,2
38 Santa Cruz de Tenerife,2005,31,Hombres,2
40 Segovia,2019,5,Hombres,2
40 Segovia,2018,1,Hombres,2
40 Segovia,2017,3,Hombres,2
40 Segovia,2016,2,Hombres,2
40 Segovia,2015,7,Hombres,2
40 Segovia,2014,1,Hombres,2
40 Segovia,2013,3,Hombres,2
40 Segovia,2012,1,Hombres,2
40 Segovia,2011,3,Hombres,2
40 Segovia,2010,2,Hombres,2
40 Segovia,2009,2,Hombres,2
40 Segovia,2008,3,Hombres,2
40 Segovia,2007,2,Hombres,2
40 Segovia,2006,2,Hombres,2
40 Segovia,2005,3,Hombres,2
41 Sevilla,2020,64,Hombres,2
41 Sevilla,2019,107,Hombres,2
41 Sevilla,2018,86,Hombres,2
41 Sevilla,2017,91,Hombres,2
41 Sevilla,2016,81,Hombres,2
41 Sevilla,2015,60,Hombres,2
41 Sevilla,2014,54,Hombres,2
41 Sevilla,2013,61,Hombres,2
41 Sevilla,2012,63,Hombres,2
41 Sevilla,2011,72,Hombres,2
41 Sevilla,2010,59,Hombres,2
41 Sevilla,2009,61,Hombres,2
41 Sevilla,2008,60,Hombres,2
41 Sevilla,2007,94,Hombres,2
41 Sevilla,2006,112,Hombres,2
41 Sevilla,2005,33,Hombres,2
42 Soria,2019,5,Hombres,2
42 Soria,2018,1,Hombres,2
42 Soria,2017,1,Hombres,2
42 Soria,2016,2,Hombres,2
42 Soria,2015,2,Hombres,2
42 Soria,2014,1,Hombres,2
42 Soria,2013,1,Hombres,2
42 Soria,2012,3,Hombres,2
42 Soria,2010,1,Hombres,2
42 Soria,2007,1,Hombres,2
43 Tarragona,2020,17,Hombres,2
43 Tarragona,2019,33,Hombres,2
43 Tarragona,2018,33,Hombres,2
43 Tarragona,2017,40,Hombres,2
43 Tarragona,2016,36,Hombres,2
43 Tarragona,2015,27,Hombres,2
43 Tarragona,2014,22,Hombres,2
43 Tarragona,2013,31,Hombres,2
43 Tarragona,2012,24,Hombres,2
43 Tarragona,2011,34,Hombres,2
43 Tarragona,2010,40,Hombres,2
43 Tarragona,2009,29,Hombres,2
43 Tarragona,2008,44,Hombres,2
43 Tarragona,2007,34,Hombres,2
43 Tarragona,2006,39,Hombres,2
43 Tarragona,2005,10,Hombres,2
44 Teruel,2020,1,Hombres,2
44 Teruel,2019,1,Hombres,2
44 Teruel,2018,1,Hombres,2
44 Teruel,2016,1,Hombres,2
44 Teruel,2015,2,Hombres,2
44 Teruel,2013,3,Hombres,2
44 Teruel,2012,1,Hombres,2
44 Teruel,2009,4,Hombres,2
44 Teruel,2006,1,Hombres,2
44 Teruel,2005,1,Hombres,2
45 Toledo,2020,14,Hombres,2
45 Toledo,2019,26,Hombres,2
45 Toledo,2018,19,Hombres,2
45 Toledo,2017,22,Hombres,2
45 Toledo,2016,12,Hombres,2
45 Toledo,2015,19,Hombres,2
45 Toledo,2014,9,Hombres,2
45 Toledo,2013,12,Hombres,2
45 Toledo,2012,22,Hombres,2
45 Toledo,2011,22,Hombres,2
45 Toledo,2010,9,Hombres,2
45 Toledo,2009,7,Hombres,2
45 Toledo,2008,15,Hombres,2
45 Toledo,2007,8,Hombres,2
45 Toledo,2006,9,Hombres,2
45 Toledo,2005,4,Hombres,2
46 Valencia/València,2020,114,Hombres,2
46 Valencia/València,2019,150,Hombres,2
46 Valencia/València,2018,138,Hombres,2
46 Valencia/València,2017,131,Hombres,2
46 Valencia/València,2016,137,Hombres,2
46 Valencia/València,2015,139,Hombres,2
46 Valencia/València,2014,107,Hombres,2
46 Valencia/València,2013,95,Hombres,2
46 Valencia/València,2012,137,Hombres,2
46 Valencia/València,2011,125,Hombres,2
46 Valencia/València,2010,93,Hombres,2
46 Valencia/València,2009,145,Hombres,2
46 Valencia/València,2008,126,Hombres,2
46 Valencia/València,2007,158,Hombres,2
46 Valencia/València,2006,207,Hombres,2
46 Valencia/València,2005,101,Hombres,2
47 Valladolid,2020,6,Hombres,2
47 Valladolid,2019,20,Hombres,2
47 Valladolid,2018,16,Hombres,2
47 Valladolid,2017,8,Hombres,2
47 Valladolid,2016,12,Hombres,2
47 Valladolid,2015,9,Hombres,2
47 Valladolid,2014,14,Hombres,2
47 Valladolid,2013,8,Hombres,2
47 Valladolid,2012,10,Hombres,2
47 Valladolid,2011,9,Hombres,2
47 Valladolid,2010,9,Hombres,2
47 Valladolid,2009,8,Hombres,2
47 Valladolid,2008,10,Hombres,2
47 Valladolid,2007,6,Hombres,2
47 Valladolid,2006,11,Hombres,2
47 Valladolid,2005,1,Hombres,2
49 Zamora,2019,3,Hombres,2
49 Zamora,2018,1,Hombres,2
49 Zamora,2017,3,Hombres,2
49 Zamora,2016,1,Hombres,2
49 Zamora,2015,2,Hombres,2
49 Zamora,2014,2,Hombres,2
49 Zamora,2013,1,Hombres,2
49 Zamora,2012,1,Hombres,2
49 Zamora,2011,1,Hombres,2
49 Zamora,2010,1,Hombres,2
49 Zamora,2009,1,Hombres,2
49 Zamora,2008,2,Hombres,2
49 Zamora,2006,2,Hombres,2
49 Zamora,2005,1,Hombres,2
50 Zaragoza,2020,21,Hombres,2
50 Zaragoza,2019,32,Hombres,2
50 Zaragoza,2018,30,Hombres,2
50 Zaragoza,2017,32,Hombres,2
50 Zaragoza,2016,25,Hombres,2
50 Zaragoza,2015,24,Hombres,2
50 Zaragoza,2014,24,Hombres,2
50 Zaragoza,2013,21,Hombres,2
50 Zaragoza,2012,25,Hombres,2
50 Zaragoza,2011,19,Hombres,2
50 Zaragoza,2010,17,Hombres,2
50 Zaragoza,2009,19,Hombres,2
50 Zaragoza,2008,20,Hombres,2
50 Zaragoza,2007,22,Hombres,2
50 Zaragoza,2006,49,Hombres,2
50 Zaragoza,2005,9,Hombres,2
51 Ceuta,2020,3,Hombres,2
51 Ceuta,2019,4,Hombres,2
51 Ceuta,2018,2,Hombres,2
51 Ceuta,2017,1,Hombres,2
51 Ceuta,2016,2,Hombres,2
51 Ceuta,2015,1,Hombres,2
51 Ceuta,2011,2,Hombres,2
51 Ceuta,2010,2,Hombres,2
51 Ceuta,2009,1,Hombres,2
51 Ceuta,2008,2,Hombres,2
51 Ceuta,2005,1,Hombres,2
52 Melilla,2019,2,Hombres,2
52 Melilla,2017,1,Hombres,2
52 Melilla,2016,1,Hombres,2
52 Melilla,2015,1,Hombres,2
52 Melilla,2013,1,Hombres,2
52 Melilla,2011,1,Hombres,2
52 Melilla,2010,1,Hombres,2
52 Melilla,2009,1,Hombres,2
52 Melilla,2008,1,Hombres,2
52 Melilla,2007,2,Hombres,2
52 Melilla,2006,1,Hombres,2
No residente,2020,17,Hombres,2
No residente,2019,19,Hombres,2
No residente,2018,23,Hombres,2
No residente,2017,29,Hombres,2
No residente,2016,25,Hombres,2
No residente,2015,30,Hombres,2
No residente,2014,39,Hombres,2
No residente,2013,27,Hombres,2
No residente,2012,29,Hombres,2
No residente,2011,23,Hombres,2
No residente,2010,35,Hombres,2
No residente,2009,24,Hombres,2
No residente,2008,25,Hombres,2
No residente,2007,34,Hombres,2
No residente,2006,36,Hombres,2
No residente,2005,13,Hombres,2
